,id,team,inven_sortingindex,name,level,sortorder,"ad type
1=new
2=hot
3=new+hot
4=event
5=event+new
6=event+hot
7=event+hot+new",ImageName,"main product
0=첫번째
1
2
3","BuyerType
0=개인
1=클랜
공백=값을 사용 안함 (값이 있을경우 최우선적용,item.csv에 없는 아이템일경우  값기입필수)",none,확정비법 세트 네비게이션,shop type
1,1,,,,,,,,,,,,
2,2,,,,,,,,,,,,
4,4,,,,,,,,,,,,
5,5,,,,,,,,,,,,
7,7,,,,,,,,,,,,
8,8,,,,,,,,,,,,
9,9,,,,,,,,,,,,
10,10,,,,,,,,,,,,
11,11,,,,,,,,,,,,
13,13,,,,,,,,,,,,
14,14,,,,,,,,,,,,
15,15,,,,,,,,,,,,
16,16,,,,,,,,,,,,
18,18,,,,,,,,,,,,
19,19,,,,,,,,,,,,
20,20,,,,,,,,,,,,
21,21,,,,,,,,,,,,
22,22,,,,,,,,,,,,
23,23,,,,,,,,,,,,
24,24,,,,,,,,,,,,
26,26,,6,,,,,,,,,,
30,30,,6,,,,,,,,,,
32,32,,,,,,,,,,,,
33,33,,,,,,,,,,,,
34,34,,,,,,,,,,,,
35,35,,,,,,,,,,,,
36,36,,,,,,,,,,,,
37,37,,,,,,,,,,,,
38,38,,,,,,,,,,,,
39,39,,,,,,,,,,,,
45,45,1,7,RBPoint,0,,,RB,,,,,
46,46,1,7,,0,,,IRA,,,,,
47,47,1,7,,0,,,ETA,,,,,
48,48,1,7,JRAPoint,0,,,JRA,,,,,
54,54,2,7,707Point,0,,,707,,,,,
55,55,2,7,sozoPoint,0,,,sozo,,,,,
56,56,2,7,,0,,,magui,,,,,
57,57,2,7,sdefencePoint,0,,,sdefence,,,,,
58,58,,,,,,,,,,,,
59,59,,,,,,,,,,,,
61,61,,,,,,,,,,,,
62,62,,,,,,,,,,,,
63,63,,,,,,,,,,,,
64,64,,,,,,,,,,,,
65,65,,,,,976,2,,,,,,
66,66,,,,,,,,,,,,
67,67,,,,,,,,,,,,
68,68,,,,,,,,,,,,
69,69,,,,,,,,,,,,
70,70,,,,,,,,,,,,
71,71,,,,,,,,,,,,
72,72,,,,,,,,,,,,
73,73,,,,,,,,,,,,
74,74,,,,,,,,,,,,
75,75,,,,,,,,,,,,
76,76,,,,,,,,,,,,
78,78,,,,,,,,,,,,
79,79,,,,,,,,,,,,
80,80,,,,,,,ResetLocalInfo,,,,,
81,81,,,,,,,,,,,,
82,82,,,,,,,,,,,,
83,83,,,,,,,,,,,,
84,84,,,,,,,,,,,,
85,85,,,,,,,,,,,,
86,86,,,,,,,,,,,,
87,87,,,,,,,,,,,,
88,88,,,,,,,,,,,,
89,89,,,,,,,,,,,,
90,90,,,,,,,,,,,,
91,91,,,,,,,,,,,,
92,92,,,,,,,,,,,,
93,93,,,,,,,,,,,,
94,94,,,,,,,,,,,,
95,95,,,,,,,,,,,,
96,96,,,,,,,,,,,,
97,97,,,,,,,,,,,,
98,98,,,,,,,,,,,,
99,99,,,,,,,,,,,,
100,100,,,,,,,,,,,,
101,101,,,,,,,,,,,,
102,102,,,,,,,ClanResetLocalInfo,,,,,
103,103,,,,,,,,,,,,
104,104,,,,,,,,,,,,
105,105,,,,,,,,,,,,
106,106,,,,,,,,,,,,
107,107,,,,,,,,,,,,
108,108,,,,,,,,,,,,
109,109,,,,,,,,,,,,
111,111,,,,,,,,,,,,
112,112,,,,,,,,,,,,
113,113,,,,,,,,,,,,
114,114,,,,,,,,,,,,
116,116,,,,,,,,,,,,
136,136,,,,,,,,,,,,
137,137,,,,,,,,,,,,
138,138,,,,,,,,,,,,
148,148,,,,,,,,,,,,
149,149,,,,,,,,,,,,
150,150,,,,,,,,,,,,
151,151,2,7,,,,,,,,,,
152,152,,,,,,,,,,,,
153,153,1,7,,,,,,,,,,
154,154,,,,,,,,,,,,
155,155,,,,,,,,,,,,
156,156,,,,,,,,,,,,
157,157,,,,,,,,,,,,
158,158,,,,,,,,,,,,
159,159,,,,,,,,,,,,
160,160,,,,,,,,,,,,
162,162,,,,,,,,,,,,
163,163,,,,,,,,,,,,
164,164,,,,,,,,,,,,
165,165,,,,,,,,,,,,
166,166,,,,,,,,,,,,
167,167,,,,,,,,,,,,
168,168,,,,,,,,,,,,
169,169,,,,,,,,,,,,
170,170,,,,,,,,,,,,
171,171,,,,,,,,,,,,
172,172,,,,,,,,,,,,
173,173,,,,,,,,,,,,
174,174,,,,,,,,,,,,
175,175,,,,,,,,,,,,
176,176,,,,,,,,,,,,
177,177,,,,,,,,,,,,
178,178,,,,,,,,,,,,
179,179,,,,,,,,,,,,
180,180,,,,,,,,,,,,
181,181,,,,,,,,,,,,
182,182,,,,,,,,,,,,
183,183,,,,,,,,,,,,
184,184,,,,,,,,,,,,
185,185,,,,,,,,,,,,
186,186,,,,,,,,,,,,
187,187,,,,,,,,,,,,
188,188,,,,,,,,,,,,
189,189,,,,,,,,,,,,
190,190,,,,,,,,,,,,
191,191,,,,,,,,,,,,
192,192,,,,,,,,,,,,
193,193,,,,,,,,,,,,
194,194,,,,,,,,,,,,
195,195,,,,,,,,,,,,
196,196,,,,,,,,,,,,
197,197,,,m1887,,,,,,,,,
198,198,,,,,,,,,,,,
199,199,,,,,,,,,,,,
200,200,,,,,,,,,,,,
201,201,,,,,,,,,,,,
202,202,,,,,,,,,,,,
203,203,,,,,,,,,,,,
204,204,,,,,,,,,,,,
205,205,,,,,,,,,,,,
206,206,,,,,,,,,,,,
207,207,,,,,,,,,,,,
208,208,,,,,,,,,,,,
209,209,,,,,,,,,,,,
210,210,,,,,,,,,,,,
211,211,,,,,,,,,,,,
212,212,,,,,,,,,,,,
213,213,,,,,,,,,,,,
214,214,,,,,,,,,,,,
215,215,,,,,,,,,,,,
216,216,,,,,,,,,,,,
217,217,,,,,,,,,,,,
218,218,,,,,,,,,,,,
219,219,,,,,,,,,,,,
220,220,,,,,,,,,,,,
221,221,,,,,,,,,,,,
222,222,,,,,,,,,,,,
223,223,,,,,,,,,,,,
224,224,,,,,,,,,,,,
225,225,,,,,,,,,,,,
226,226,,,,,,,,,,,,
227,227,,,,,,,,,,,,
228,228,,,,,,,,,,,,
229,229,,,,,,,,,,,,
230,230,,,,,,,,,,,,
231,231,,,,,,,,,,,,
232,232,,,,,,,,,,,,
233,233,,,m24,,,,,,,,,
234,234,,,,,,,,,,,,
235,235,,,,,,,,,,,,
236,236,,,,,,,,,,,,
237,237,,,,,,,,,,,,
238,238,,,,,,,,,,,,
239,239,,,,,,,,,,,,
240,240,,,,,,,,,,,,
241,241,,,,,,,,,,,,
242,242,,,,,,,,,,,,
243,243,,,,,,,,,,,,
244,244,,,,,,,,,,,,
245,245,,,,,,,,,,,,
246,246,,,,,,,,,,,,
247,247,,,,,,,,,,,,
248,248,,,,,,,,,,,,
249,249,,,,,,,,,,,,
250,250,,,,,,,,,,,,
251,251,,,,,,,,,,,,
252,252,,,,,,,,,,,,
253,253,,,,,,,,,,,,
254,254,,,,,,,,,,,,
255,255,,,,,,,,,,,,
256,256,,,,,,,,,,,,
257,257,,,,,,,,,,,,
258,258,,,,,,,,,,,,
259,259,,,,,,,,,,,,
260,260,,,,,,,,,,,,
261,261,,,,,,,,,,,,
262,262,,,,,,,,,,,,
263,263,,,,,,,,,,,,
264,264,,,,,,,,,,,,
265,265,,,,,,,,,,,,
266,266,,,,,,,,,,,,
267,267,,,,,,,,,,,,
268,268,,,,,,,,,,,,
269,269,,,,,,,,,,,,
270,270,,,,,,,,,,,,
271,271,,,,,,,,,,,,
272,272,,,,,,,,,,,,
273,273,,,,,,,,,,,,
274,274,,,,,,,,,,,,
275,275,,,,,,,,,,,,
276,276,,,,,,,,,,,,
277,277,,,,,,,,,,,,
278,278,,,,,,,,,,,,
279,279,,,,,,,,,,,,
280,280,,,,,,,,,,,,
281,281,,,,,,,,,,,,
282,282,,,,,,,,,,,,
283,283,,,,,,,,,,,,
284,284,,,,,,,,,,,,
285,285,,,,,,,,,,,,
286,286,,,,,,,,,,,,
287,287,,,,,,,,,,,,
288,288,,,,,,,,,,,,
289,289,,,,,,,,,,,,
290,290,,,,,,,,,,,,
291,291,,,,,,,,,,,,
292,292,,,,,,,,,,,,
293,293,,,,,,,,,,,,
294,294,,,,,,,,,,,,
295,295,,,,,,,,,,,,
296,296,,,,,,,,,,,,
297,297,,,,,,,,,,,,
298,298,,,,,,,,,,,,
299,299,,,,,,,,,,,,
300,300,,,,,,,,,,,,
301,301,,,,,,,,,,,,
302,302,,,,,,,,,,,,
303,303,,,,,,,,,,,,
304,304,,,,,,,,,,,,
305,305,,,,,,,,,,,,
306,306,,,,,,,,,,,,
307,307,,,dbarrel,,,,,,,,,
308,308,,,,,,,,,,,,
309,309,,,,,,,,,,,,
310,310,,,,,,,,,,,,
311,311,,,,,,,,,,,,
312,312,,,,,,,,,,,,
313,313,,,,,,,,,,,,
314,314,,,,,,,,,,,,
315,315,,,,,,,,,,,,
316,316,,,,,,,,,,,,
317,317,,,,,,,,,,,,
318,318,,,,,,,,,,,,
319,319,,,,,,,,,,,,
320,320,,,,,,,,,,,,
321,321,,,,,,,,,,,,
322,322,,,,,,,,,,,,
323,323,,,,,,,,,,,,
324,324,,,,,,,,,,,,
325,325,,,,,,,,,,,,
326,326,,,,,,,,,,,,
327,327,,,,,,,,,,,,
328,328,,,,,,,,,,,,
329,329,,,,,,,,,,,,
330,330,,,,,,,,,,,,
331,331,,,,,,2,,,,,,
332,332,,,,,,2,,,,,,
333,333,,,,,,,,,,,,
334,334,,,,,,,,,,,,
335,335,,,,,,,,,,,,
336,336,,,,,,,,,,,,
337,337,,,,,,,,,,,,
338,338,,,,,,,,,,,,
339,339,,,,,,,,,,,,
340,340,,,,,,,,,,,,
341,341,,,,,,,,,,,,
342,342,,,,,,,,,,,,
343,343,,,tar21,,,,,,,,,
344,344,,,m95,,,,,,,,,
345,345,,,,,,,,,,,,
346,346,,,,,,,,,,,,
347,347,,,,,,,,,,,,
348,348,,,,,,,,,,,,
349,349,,,,,,,,,,,,
350,350,,,,,,,,,,,,
351,351,,,,,,,,,,,,
352,352,,,,,,,,,,,,
353,353,,,,,,,,,,,,
354,354,,,,,,,,,,,,
355,355,,,m60,,,,,,,,,
356,356,,,,,,,,,,,,
357,357,,,,,,,,,,,,
358,358,,,,,,,,,,,,
359,359,,,,,,,,,,,,
360,360,,,,,,,,,,,,
361,361,,,,,,,,,,,,
362,362,,,,,,,,,,,,
363,363,,,,,978,2,,,,,,
364,364,,,,,,,,,,,,
365,365,,,,,,,,,,,,
366,366,,,,,,2,,,,,,
367,367,,,,,1022,3,,,,,,
368,368,,,,,,,,,,,,
369,369,,,,,,,,,,,,
370,370,,,,,,,,,,,,
371,371,,,,,,,,,,,,
372,372,,,mg36,,,,,,,,,
373,373,,,,,,,,,,,,
374,374,,,,,,,,,,,,
375,375,,,,,,,,,,,,
376,376,,,,,,,,,,,,
377,377,,,,,,,,,,,,
378,378,,,,,975,2,,,,,,
379,379,,,,,,,,,,,,
380,380,,,,,,,,,,,,
381,381,,,,,,,,,,,,
382,382,,,xm2010,,,,,,,,,
383,383,,,,,,,,,,,,
384,384,,,ksg12,,,,,,,,,
385,385,,,as50,,,,,,,,,
386,386,,,,,,,,,,,,
387,387,,,,,,,,,,,,
389,389,,,,,,,,,,,,
390,390,,,,,,,,,,,,
391,391,,,,,,,,,,,,
392,392,,,,,,,,,,,,
393,393,,,,,,,,,,,,
394,394,,,,,,,,,,,,
395,395,,,,,,,,,,,,
396,396,,,,,,,,,,,,
397,397,,,,,,,,,,,,
398,398,,,,,,,,,,,,
399,399,,,,,,,,,,,,
400,400,,,,,,,,,,,,
405,405,,,,,,,,,,,,
406,406,,,,,,,,,,,,
407,407,,,,,1026,3,,,,,,
408,408,,,,,,,,,,,,
413,413,,,,,,,,,,,,
414,414,,,,,,,,,,,,
415,415,,,,,,,,,,,,
416,416,,,,,,,,,,,,
417,417,,,,,,,,,,,,
418,418,,,,,,,,,,,,
419,419,,,,,,,,,,,,
420,420,,,,,,,,,,,,
421,421,,,,,,,,,,,,
422,422,,,spas12,,,,,,,,,
423,423,,,,,,,,,,,,
424,424,,,,,,,,,,,,
425,425,2,7,Natasha2,0,,,Natasha2,,,,,
426,426,1,7,Jennifer2,0,,,Jennifer2,,,,,
427,427,,,,,1025,3,,,,,,
428,428,,,,,,,,,,,,
429,429,,,,,,,,,,,,
431,431,,,mk48,,,,,,,,,
432,432,,,,,,,,,,,,
433,433,,,,,,,,,,,,
434,434,,,,,,,,,,,,
435,435,,,,,,,,,,,,
436,436,,11,,,,,,,,,,
437,437,,2,,,,,,,,,,
439,439,,,,,,,,,,,,
440,440,,,,,,,,,,,,
441,441,,,,,,,,,,,,
442,442,,,m82,,,,,,,,,
443,443,,,,,,,,,,,,
444,444,,,,,,,,,,,,
445,445,,,,,,,,,,,,
446,446,,,,,,,,,,,,
447,447,,,,,,,,,,,,
448,448,,,,,,,,,,,,
449,449,,,,,,,,,,,,
450,450,,,,,,,,,,,,
451,451,,,,,,,,,,,,
452,452,,,,,,,,,,,,
453,453,,,,,,,,,,,,
454,454,,,,,,,,,,,,
455,455,,,,,,,,,,,,
456,456,,,,,,,,,,,,
457,457,,,,,,,,,,,,
458,458,,,,,,,,,,,,
459,459,,,,,,,,,,,,
460,460,,,,,,,,,,,,
461,461,,,,,,,,,,,,
462,462,,,,,,,,,,,,
463,463,,,,,,,,,,,,
464,464,,,,,,,,,,,,
465,465,,,,,,,,,,,,
466,466,,,,,,,,,,,,
467,467,,,,,,,,,,,,
468,468,,,,,,,,,,,,
469,469,,,,,,,,,,,,
470,470,,,,,,,,,,,,
471,471,,,,,,,,,,,,
472,472,,,,,,,,,,,,
473,473,,,,,,,,,,,,
474,474,,,,,,,,,,,,
475,475,,,,,,,,,,,,
476,476,,,,,,,,,,,,
477,477,,,,,,,,,,,,
478,478,,,,,,,,,,,,
479,479,,,,,,,,,,,,
480,480,,,,,,,,,,,,
482,482,,,,,,,,,,,,
483,483,,,,,,,,,,,,
484,484,,,,,,,,,,,,
486,486,,,,,,,,,,,,
487,487,,,,,,,,,,,,
488,488,,,,,,,,,,,,
489,489,,,,,,,,,,,,
490,490,,,,,,,,,,,,
491,491,,,,,,,,,,,,
492,492,,,,,,,,,,,,
493,493,,,uts15,,,,,,,,,
494,494,,,,,,,,,,,,
495,495,,,,,,,,,,,,
496,496,,,,,,,,,,,,
497,497,,,,,965,,,,,,,
498,498,,,,,,,,,,,,
499,499,,,,,,,,,,,,
500,500,,,,,,,,,,,,
501,501,,,,,,,,,,,,
502,502,,,,,,,,,,,,
503,503,,,,,,,,,,,,
504,504,,,,,,,,,,,,
505,505,,,,,,,,,,,,
506,506,,,,,,,,,,,,
508,508,,,,,,,,,,,,
509,509,,,,,,,,,,,,
510,510,,,,,,,,,,,,
511,511,,,,,,,,,,,,
512,512,,,,,,,,,,,,
515,515,,,,,,,,,,,,
516,516,,,,,,,,,,,,
517,517,,,,,,,,,,,,
518,518,,,,,,,,,,,,
519,519,,,,,,,,,,,,
520,520,,,,,,,,,,,,
521,521,,,,,,,,,,,,
522,522,,,,,,,,,,,,
524,524,,,,,,,,,,,,
525,525,,,,,,,,,,,,
526,526,,,,,,,,,,,,
527,527,,,,,,,,,,,,
528,528,,,,,,,,,,,,
529,529,,,,,,,,,,,,
530,530,,,,,,,,,,,,
531,531,,,,,,,,,,,,
532,532,,,,,,,,,,,,
533,533,,,,,,,,,,,,
534,534,,,,,,,,,,,,
535,535,,,,,,,,,,,,
536,536,,,,,,,,,,,,
537,537,,,,,,,,,,,,
538,538,,,,,1024,3,,,,,,
539,539,,,,,879,,,,,,,
540,540,,,,,,,,,,,,
541,541,,,,,,,,,,,,
542,542,,,,,,,,,,,,
543,543,,,,,,,,,,,,
544,544,,,,,,,,,,,,
546,546,,,,,,,,,,,,
547,547,,,,,,,,,,,,
548,548,,,,,,,,,,,,
549,549,,,,,,,,,,,,
550,550,,,,,,,,,,,,
551,551,,,,,,,,,,,,
553,553,,,,,,,,,,,,
554,554,,,,,,2,,,,,,
556,556,,,,,,,,,,,,
557,557,,,,,,,,,,,,
558,558,,,,,,,,,,,,
559,559,,,,,,,,,,,,
560,560,,,,,,,,,,,,
561,561,,,,,,,,,,,,
562,562,,,,,,,,,,,,
563,563,,,,,,,,,,,,
564,564,,,,,,,,,,,,
565,565,,,,,,,,,,,,
566,566,,,,,,,,,,,,
567,567,,,,,,,,,,,,
568,568,,,,,,,,,,,,
569,569,,,,,,,,,,,,
570,570,,,,,,,,,,,,
571,571,,,,,,,,,,,,
572,572,,,,,,,,,,,,
573,573,,,,,,,,,,,,
574,574,,,,,,,,,,,,
575,575,,,,,,,,,,,,
577,577,,,,,,,,,,,,
578,578,,,,,,,,,,,,
579,579,,,,,,,,,,,,
580,580,,,,,,,,,,,,
581,581,,,,,,,,,,,,
582,582,,,,,,,,,,,,
583,583,,,,,,,,,,,,
585,585,,,,,,,,,,,,
586,586,,,,,,,,,,,,
587,587,,,,,,,,,,,,
588,588,,,,,,,,,,,,
589,589,,,,,,,,,,,,
590,590,,,,,,,,,,,,
591,591,,,,,,,,,,,,
592,592,,,,,,,,,,,,
593,593,,,,,,,,,,,,
594,594,,,,,,,,,,,,
595,595,,,,,,,,,,,,
596,596,,,,,,,,,,,,
597,597,,,,,,,,,,,,
598,598,,,,,,,,,,,,
599,599,,,,,,,,,,,,
601,601,,,,,994,1,,,,,,
602,602,,,,,,,,,,,,
603,603,,,,,,,,,,,,
604,604,,,,,,,,,,,,
605,605,,,,,,,,,,,,
606,606,,,,,,,,,,,,
607,607,,,,,,,,,,,,
608,608,,,,,,,,,,,,
609,609,,,,,,,,,,,,
610,610,,,,,,,,,,,,
611,611,,,,,,,,,,,,
612,612,,,,,1003,3,,,,,,
613,613,,,,,,,,,,,,
614,614,,,,,,,,,,,,
615,615,,,,,,,,,,,,
616,616,,,,,1000,3,,,,,,
617,617,,,,,,,,,,,,
618,618,,,,,,,,,,,,
619,619,,,,,,,,,,,,
620,620,,,,,,,,,,,,
621,621,,,,,,,,,,,,
622,622,,,,,,,,,,,,
623,623,,,,,,,,,,,,
624,624,,,,,,,,,,,,
625,625,,,,,,,,,,,,
626,626,,,,,,,,,,,,
627,627,,,,,,,,,,,,
628,628,,,,,,,,,,,,
629,629,,,,,,,,,,,,
630,630,,,,,,,,,,,,
631,631,,,,,,,,,,,,
632,632,,,,,,,,,,,,
633,633,,,,,,,,,,,,
634,634,,,,,,,,,,,,
635,635,,,,,,,,,,,,
636,636,,,,,,,,,,,,
637,637,,,,,,,,,,,,
638,638,,,,,,,,,,,,
639,639,,,,,,,,,,,,
640,640,,,,,,,,,,,,
641,641,,,,,,,,,,,,
642,642,,,,,,,,,,,,
643,643,,,,,,,,,,,,
644,644,,,,,,,,,,,,
645,645,,,,,,,,,,,,
646,646,,,,,,,,,,,,
647,647,,,,,,,,,,,,
648,648,,,,,,,,,,,,
649,649,,,,,,,,,,,,
650,650,,,,,,,,,,,,
651,651,,,,,,,,,,,,
652,652,,,,,,,,,,,,
653,653,,,,,,,,,,,,
654,654,,,,,,,,,,,,
655,655,,,,,,,,,,,,
656,656,,,,,,,,,,,,
657,657,,,,,,,,,,,,
658,658,,,,,,,,,,,,
659,659,,,,,,,,,,,,
660,660,,,,,,,,,,,,
661,661,,,,,,,,,,,,
662,662,,,,,,,,,,,,
663,663,,,,,,,,,,,,
664,664,,,,,,,,,,,,
665,665,,,,,,,,,,,,
666,666,,,,,,,,,,,,
667,667,,,,,,,,,,,,
668,668,,,,,,,,,,,,
669,669,,,,,,,,,,,,
670,670,,,,,,,,,,,,
671,671,,,,,,,,,,,,
672,672,,,,,,,,,,,,
673,673,,,,,,,,,,,,
674,674,,,,,,,,,,,,
675,675,,,,,,,,,,,,
676,676,,,,,,,,,,,,
677,677,,,,,,,,,,,,
678,678,,,,,,,,,,,,
679,679,,,,,974,2,,,,,,
680,680,,,,,972,2,,,,,,
681,681,,,,,971,2,,,,,,
682,682,,,,,,,,,,,,
683,683,,,,,,,,,,,,
684,684,,,,,,,,,,,,
691,691,,,,,993,1,,,,,,
692,692,,,,,,,,,,,,
697,697,,,,,,,,,,,,
698,698,,,,,,,,,,,,
703,703,,,,,,,,,,,,
704,704,,,,,,,,,,,,
705,705,,,,,,,,,,,,
706,706,,,,,,,,,,,,
707,707,,,,,,,,,,,,
708,708,,,,,,,,,,,,
709,709,,,,,,,,,,,,
710,710,,,,,,,,,,,,
711,711,,,,,,,,,,,,
712,712,,,,,1001,3,,,,,,
713,713,,,,,,,,,,,,
714,714,,,,,,,,,,,,
715,715,,,,,,,,,,,,
716,716,,,,,,,,,,,,
717,717,,,,,,,,,,,,
718,718,,,,,,,,,,,,
719,719,,,,,995,1,,,,,,
720,720,,,,,,,,,,,,
721,721,,,,,,,,,,,,
722,722,,,,,,,,,,,,
723,723,,,,,,,,,,,,
724,724,,,,,,,,,,,,
725,725,,,,,,,,,,,,
726,726,,,,,,,,,,,,
727,727,,,,,992,1,,,,,,
728,728,,,,,986,,,,,,,
729,729,,,,,,,,,,,,
730,730,,,,,,,,,,,,
731,731,,,,,,,,,,,,
732,732,,,,,,,,,,,,
733,733,,,,,,,,,,,,
734,734,,,,,,,,,,,,
735,735,,,,,,,,,,,,
736,736,,,,,,,,,,,,
738,738,,,,,,,,,,,,
739,739,,,,,,,,,,,,
740,740,,,,,,,,,,,,
741,741,,,,,969,2,,,,,,
742,742,,,,,968,2,,,,,,
743,743,,,,,967,2,,,,,,
744,744,,,,,,,,,,,,
745,745,,,,,,,,,,,,
746,746,,,,,,,,,,,,
747,747,,,,,,,,,,,,
748,748,,,,,,,,,,,,
749,749,,,,,,,,,,,,
750,750,,,,,,,,,,,,
751,751,,,,,,,,,,,,
752,752,,,,,,,,,,,,
753,753,,,,,,,,,,,,
759,759,,,,,,,,,,,,
760,760,,,,,,,,,,,,
761,761,,,guillotine,,,,,,,,,
762,762,,,sheepsword,,,,,,,,,
763,763,,,crossbowex,,,,,,,,,
764,764,,,thanatos11,,,,,,,,,
765,765,,,cosjackmaskface,,,,,,,,,
766,766,,,sfsniperm,,,,,0,,,,
767,767,,,gatlingm,,,,,0,,,,
768,768,,,m950,,,,,,,,,
769,769,,,mk3a1,,,,,,,,,
770,770,,,uzi,,,,,,,,,
771,771,,,spsmg,,991,1,,,,,,
772,772,,,idol_back,,,,,,,,,
773,773,,,idol_face,,,,,,,,,
774,774,,,mdecoder,,,,,,,,,
775,775,,,fnp45,,,,,,,,,
776,776,,,thanatos9,,979,2,,,,,,
777,777,,,vngirl,,,,,,,,,
778,778,,,vnman,,,,,,,,,
779,779,,,non_head,,,,,,,,,
780,780,,,mdecodersupplybox,,,,,,,,,
781,781,,,pgm,,,,,,,,,
782,782,,,norinco86s,,,,,,,,,
783,783,,,dartpistol,,,,,,,,,
784,784,,,thanatos5,,,,,,,,,
785,785,,,boxing_head_m,,,,,,,,,
786,786,,,boxing_pelvis_m,,,,,,,,,
787,787,,,vulcanus7,,,,,,,,,
788,788,,,sapientia,,,,,,,,,
789,789,,,coilmg,,,,,,,,,
790,790,,,cronobotics53_face,,,,,,,,,
791,791,,,bestdecoder,,,,,,,,,
792,792,,,airburster,,,,,,,,,
796,796,,,blockas,,985,,,,,,,
797,797,,,superhero_back,,,,,,,,,
798,798,,,superhero_head,,,,,,,,,
801,801,,,nojinct,,,,,,,,,
802,802,,,nojintr,,,,,,,,,
803,803,,,eventmdecoder,,,,,,,,,
804,804,,,,,,,,0,,,,
805,805,,,,,,,,,,,,
807,807,,,,,,,,0,,,,
808,808,,,mdecodersupplybox_15d,,,,,,,,,
809,809,,,buffm4,,,,,,,,,
810,810,,,buffak,,,,,,,,,
812,812,,,thanatos1,,,,,,,,,
813,813,,,ng7,,,,,,,,,
814,814,,,dualuzi,,,,,,,,,
815,815,,,laserminigun,,,,,,,,,
816,816,,,vulcanus9,,,,,,,,,
817,817,,,,,,,,,,,,
818,818,,,,,,,,,,,,
819,819,,,,,,,,,,,,
820,820,,,,,,,,,,,,
821,821,,,,,,,,0,,,,
822,822,,,,,289,2,,0,,,,
823,823,,,,,,,,0,,,,
824,824,,,,,,,,0,,,,
825,825,,,,,,,,,,,,
826,826,,,ttcsowc,,,,,,,,,
827,827,,,wc15spray,,,,,,,,,
828,828,,,,,,,,,,,,
829,829,,,bud_head,,,,,,,,,
830,830,,,gamania_back,,,,,,,,,
831,831,,,falcon,,,,,,,,,
832,832,,,cameragun,,,,,,,,,
833,833,,,,,,,,0,,,,
834,834,,,,,,,,0,,,,
840,840,,,,,,,,,,,,
841,841,,,,,,,,,,,,
842,842,,,,,,,,,,,,
843,843,,,,,,,,,,,,
844,844,,,,,,,,,,,,
845,845,,,,,,,,,,,,
846,846,,,,,,,,,,,,
847,847,,,,,,,,,,,,
848,848,,,,,,,,,,,,
849,849,,,,,,,,,,,,
850,850,,,,,,,,,,,,
851,851,,,,,,,,,,,,
852,852,,,,,999,3,,,,,,
853,853,,,,,,,,,,,,
854,854,,,,,,,,,,,,
855,855,,,,,1002,3,,,,,,
856,856,,,,,,,,,,,,
857,857,,,,,,,,,,,,
858,858,,,,,,,,,,,,
859,859,,,,,,,,,,,,
861,861,,,,,,,,,,,,
862,862,,,,,1023,3,,,,,,
867,867,,,,,,,,,,,,
868,868,,,,,,,,,,,,
873,873,,,,,,,,,,,,
874,874,,,,,,,,,,,,
875,875,,,,,990,1,,,,,,
876,876,,,,,984,,,,,,,
877,877,,,,,,,,,,,,
880,880,,,,,,,,,,,,
891,891,,,,,,,,,,,,
892,892,,,,,,,,,,,,
893,893,,,,,,,,,,,,
895,895,,,,,,,,,,,,
896,896,,,,,,,,,,,,
897,897,,,,,,,,,,,,
898,898,,,,,,,,,,,,
899,899,,,,,996,1,,,,,,
914,914,,,,,,,,,,,,
915,915,,,,,,,,,,,,
918,918,,,,,295,2,,,,,,
919,919,,,,,,,,,,,,
921,921,,,,,997,1,,,,,,
922,922,,,,,,,,,,,,
923,923,,,,,,,,,,,,
924,924,,,,,998,1,,,,,,
928,928,,,,,1006,3,,,,,,
929,929,,,,,,,,,,,,
930,930,,,,,,,,,,,,
931,931,,,,,,,,,,,,
934,934,,,,,,,,,,,,
935,935,,,,,,,,,,,,
936,936,,,,,,,,,,,,
937,937,,,,,,,,,,,,
943,943,,,,,,,,,,,,
944,944,,,,,,,,,,,,
945,945,,,,,,,,,,,,
946,946,,,,,1014,3,,,,,,
947,947,,,,,,,,,,,,
948,948,,,,,,,,,,,,
949,949,,,,,,,,,,,,
950,950,,,,,,,,,,,,
951,951,,,,,,,,,,,,
952,952,,,,,,,,,,,,
954,954,,,,,,,,,,,,
955,955,,,,,,,,,,,,
956,956,,,,,,,,,,,,
957,957,,,,,,,,,,,,
958,958,,,,,,,,,,,,
959,959,,,,,,,,,,,,
960,960,,,,,,,,,,,,
962,962,,,,,,,,,,,,
964,964,,,,,983,,,,,,,
965,965,,,,,,,,,,,,
967,967,,,,,,,,,,,,
968,968,,,,,,,,,,,,
969,969,,,,,977,2,,,,,,
970,970,,,,,95,,,,,,,
971,971,,,,,96,,,,,,,
972,972,,,,,,,,,,,,
975,975,,,,,,,,,,,,
976,976,,,,,,,,,,,,
977,977,,,,,,,,,,,,
978,978,,,,,,,,,,,,
981,981,,,,,,2,,,,,,
983,983,,,,,1005,3,,,,,,
984,984,,,,,,,,,,,,
985,985,,,,,989,,,,,,,
986,986,,,,,,,,,,,,
987,987,,,,,,,,,,,,
988,988,,,,,,,,,,,,
990,990,,,,,,,,,,,,
993,993,,,,,,,,,,,,
994,994,,,,,,,,,,,,
997,997,,,,,,,,,,,,
998,998,,,,,,,,,,,,
999,999,,,,,,,,,,,,
1027,1027,,,,,,,,,,,,
1028,1028,,,,,,,,,,,,
1029,1029,,,10ExpCoupon3,,284,2,ExpCoupon3,,,,,
1031,1031,,,,,,,,,,,,
1032,1032,,,,,,,,,,,,
1033,1033,,,,,,,,,,,,
1034,1034,,,,,,,,,,,,
1040,1040,,,,,,,,,,,,
1041,1041,,,,,,,,,,,,
1044,1044,,,sheepbox,,,,,,,,,
1046,1046,,,mcoupon1,,,,,,,,,
1047,1047,,,mcoupon2,,,,,,,,,
1048,1048,,,mcoupon3,,,,,,,,,
1049,1049,,,,,,,,,,,,
1055,1055,,,,,,,,,,,,
1056,1056,,,,,,,,,,,,
1057,1057,,,,,,,,,,,,
2006,2006,,,,,,,,,,,,
2020,2020,,,,,,,,,,,,
2031,2031,,,,,,,,,,,,
2037,2037,,,,,,,,,,,,
2038,2038,,,,,,,,,,,,
2050,2050,,,,,,,,,,,,
2051,2051,,,pointbox,,,,,,,,,
2052,2052,,,,,,,,0,,,,
2053,2053,,,,,,,,0,,,,
2054,2054,,,,,,,,0,,,,
2055,2055,,,,,,,,,,,,
2061,2061,,,,,,,,,,,,
2062,2062,,,,,,,,,,,,
2064,2064,,,,,,,,,,,,
2065,2065,,,,,,,,,,,,
2073,2073,,,,,,,,,,,,
2074,2074,,,,,,,,,,,,
2075,2075,,,,,,,,,,,,
2078,2078,,,,,,,,,,,,
2080,2080,,,,,,,,,,,,
2081,2081,,,,,,,,,,,,
2082,2082,,,,,,,,,,,,
2083,2083,,,,,,,,,,,,
2084,2084,,,,,,,,,,,,
2085,2085,,,,,,,,,,,,
2091,2091,,,,,1018,3,,,,,,
2092,2092,,,,,,,,,,,,
2093,2093,,,,,,,,,,,,
2094,2094,,,,,1011,3,,,,,,
2095,2095,,,,,,,,,,,,
2096,2096,,,,,,,,,,,,
2097,2097,,,,,,,,,,,,
2098,2098,,,,,,,,,,,,
2099,2099,,,,,,,,,,,,
2100,2100,,,,,,,,,,,,
2101,2101,,,,,,,,,,,,
2102,2102,,,,,,,,,,,,
2105,2105,,,,,,,,,,,,
2106,2106,,,,,,,,,,,,
2107,2107,,,,,,,,,,,,
2108,2108,,,,,,,,,,,,
2109,2109,,,,,,,,,,,,
2110,2110,,,,,,,,,,,,
2111,2111,,,,,,,,,,,,
2112,2112,,,,,,,,,,,,
2113,2113,,,,,,,,,,,,
2114,2114,,,,,,,,,,,,
2173,2173,,,,,,,,,,,,
2176,2176,,,,,,,,,,,,
2177,2177,,,,,,,,,,,,
2178,2178,,,,,,,,,,,,
2179,2179,,,,,,,,,,,,
2180,2180,,,,,,,,,,,,
2181,2181,,,,,,,,,,,,
2182,2182,,,,,,,,,,,,
2183,8134,,,,,,,buffclassfernandoset,,,,,
2184,8135,,,,,,,buffclassblairset,,,,,
2185,2185,,,,,,,,,,,,
2186,2186,,,,,,,,,,,,
2187,2187,,,,,,,,,,,,
2188,2188,,,,,,,,,,,,
2189,2189,,,,,1013,3,,,,,,
2190,2190,,,,,,,,,,,,
2191,2191,,,,,,,,,,,,
2192,2192,,,,,,,,,,,,
2193,2193,,,,,,2,,,,,,
2194,2194,,,,,,,,,,,,
2195,2195,,,,,,,,,,,,
2196,2196,,,,,,,,,,,,
2197,2197,,,,,,,,,,,,
2198,2198,,,,,1050,3,,,,,,
2199,2199,,,,,,,,,,,,
2202,2202,,,,,,,,,,,,
2203,2203,,,,,,,,,,,,
2211,2211,,,,,988,,,,,,,
2212,2212,,,,,987,,,,,,,
2215,2215,,,,,,,,,,,,
2216,2216,,,,,,,,,,,,
2217,2217,,,,,,,,,,,,
2219,2219,,,,,,,,,,,,
2220,2220,,,,,,,,,,,,
2221,2221,,,,,,,,,,,,
2222,2222,,,,,1012,3,,,,,,
2223,2223,,,,,1010,3,,,,,,
2224,2224,,,,,1009,3,,,,,,
2225,2225,,,,,1008,3,,,,,,
2226,2226,,,,,,,,,,,,
2501,2501,,,,,,,,,,,,
2502,2502,,,,,,,,,,,,
2503,2503,,,,,,,,,,,,
2504,2504,,,,,,,,,,,,
2505,2505,,,,,,,,,,,,
2506,2506,,,,,,,,,,,,
2507,2507,,,,,,,,,,,,
2508,2508,,,,,,,,,,,,
2509,2509,,,,,,,,,,,,
2510,2510,,,,,,,,,,,,
2511,2511,,,,,1031,3,,,,,,
2512,2512,,,,,1030,3,,,,,,
2513,2513,,,,,1029,3,,,,,,
2514,2514,,,,,,,,,,,,
2516,2516,,,,,,,,,,,,
2516,2516,,,,,,,,,,,,
2517,2517,,,,,,,,,,,,
2518,2518,,,,,1020,3,,,,,,
2519,2519,,,,,1019,3,,,,,,
2520,2520,,,,,,,,,,,,
2521,2521,,,,,,,,,,,,
2522,2522,,,,,,,,,,,,
2522,2522,,,,,,,,,,,,
2523,2523,,,,,,,,,,,,
2523,2523,,,,,,,,,,,,
2524,2524,,,,,,,,,,,,
2524,2524,,,,,,,,,,,,
2525,2525,,,,,,,,,,,,
2525,2525,,,,,,,,,,,,
2526,2526,,,,,,,,,,,,
2526,2526,,,,,,,,,,,,
2527,2527,,,,,,,,,,,,
2527,2527,,,,,,,,,,,,
2528,2528,,,,,,,,,,,,
2528,2528,,,,,,,,,,,,
2529,2529,,,,,,,,,,,,
2530,2530,,,,,,,,,,,,
2531,2531,,,,,,,,,,,,
2532,2532,,,,,,,,,,,,
2533,2533,,,,,,,,,,,,
2534,2534,,,,,,,,,,,,
2535,2535,,,,,,,,,,,,
2536,2536,,,,,,,,,,,,
2537,2537,,,,,,,,,,,,
2538,2538,,,,,,,,,,,,
2539,2539,,,,,,,,,,,,
2540,2540,,,,,,,,,,,,
2541,2541,,,,,,,,,,,,
2542,2542,,,,,,,,,,,,
2543,2543,,,,,,,,,,,,
2544,2544,,,,,,,,,,,,
2545,2545,,,,,,,,,,,,
2546,2546,,,,,,,,,,,,
2547,2547,,,,,,,,,,,,
2548,2548,,,,,,,,,,,,
2549,2549,,,,,,,,,,,,
2550,2550,,,,,,,,,,,,
2551,2551,,,,,,,,,,,,
2552,2552,,,,,,,,,,,,
2553,2553,,,,,,,,,,,,
2554,2554,,,,,,,,,,,,
2555,2555,,,,,,,,,,,,
2556,2556,,,,,,,,,,,,
2557,2557,,,,,,,,,,,,
2558,2558,,,,,,,,,,,,
2559,2559,,,,,,,,,,,,
2560,2560,,,,,,,,,,,,
2561,2561,,,,,,,,,,,,
2562,2562,,,,,,,,,,,,
2563,2563,,,,,,,,,,,,
2564,2564,,,,,,,,,,,,
2565,2565,,,,,,,,,,,,
2566,2566,,,,,,,,,,,,
2567,2567,,,,,,,,,,,,
2568,2568,,,,,,,,,,,,
2569,2569,,,,,,,,,,,,
2570,2570,,,,,,,,,,,,
2571,2571,,,,,,,,,,,,
2572,2572,,,,,,,,,,,,
2573,2573,,,,,,,,,,,,
2574,2574,,,,,,,,,,,,
2575,2575,,,,,,,,,,,,
2576,2576,,,,,,,,,,,,
2577,2577,,,,,,,,,,,,
2578,2578,,,,,,,,,,,,
2579,2579,,,,,,,,,,,,
2580,2580,,,,,,,,,,,,
2581,2581,,,,,,,,,,,,
2582,2582,,,,,,,,,,,,
2583,2583,,,,,,,,,,,,
2584,2584,,,,,,,,,,,,
2585,2585,,,,,,,,,,,,
2586,2586,,,,,,,,,,,,
2587,2587,,,,,,,,,,,,
2588,2588,,,,,,,,,,,,
2589,2589,,,,,,,,,,,,
2590,2590,,,,,,,,,,,,
2591,2591,,,,,,,,,,,,
2592,2592,,,,,,,,,,,,
2593,2593,,,,,,,,,,,,
2594,2594,,,,,,,,,,,,
2595,2595,,,,,,,,,,,,
2596,2596,,,,,,,,,,,,
2597,2597,,,,,,,,,,,,
2598,2598,,,,,,,,,,,,
2599,2599,,,,,,,,,,,,
2600,2600,,,,,,,,,,,,
2601,2601,,,,,,,,,,,,
2602,2602,,,,,,,,,,,,
2603,2603,,,,,,,,,,,,
2604,2604,,,,,,,,,,,,
2605,2605,,,,,,,,,,,,
2606,2606,,,,,,,,,,,,
2607,2607,,,,,,,,,,,,
2608,2608,,,,,,,,,,,,
2609,2609,,,,,,,,,,,,
2610,2610,,,,,,,,,,,,
2611,2611,,,,,,,,,,,,
2612,2612,,,,,,,,,,,,
2613,2613,,,,,,,,,,,,
2614,2614,,,,,,,,,,,,
2615,2615,,,,,,,,,,,,
2616,2616,,,,,,,,,,,,
2617,2617,,,,,,,,,,,,
2618,2618,,,,,,,,,,,,
2619,2619,,,,,,,,,,,,
2620,2620,,,,,,,,,,,,
2621,2621,,,,,,,,,,,,
2622,2622,,,,,,,,,,,,
2623,2623,,,,,,,,,,,,
5001,5001,,,,,,,,,,,,
5002,5002,,,,,,,,,,,,
5003,5003,,,,,,,,,,,,
5004,5004,,,,,,,,,,,,
5005,5005,,,,,,,,,,,,
5006,5006,,,,,,,,,,,,
5007,5007,,,,,,,,,,,,
5008,5008,,,,,,,,,,,,
5009,5009,,,,,,,,,,,,
5010,5010,,,,,,,,,,,,
5011,5011,,,,,,,,,,,,
5012,5012,,,,,,,,,,,,
5013,5013,,,,,,,,,,,,
5014,5014,,,,,,,,,,,,
5015,5015,,,,,,,,,,,,
5016,5016,,,,,,,,,,,,
5017,5017,,,,,,,,,,,,
5018,5018,,,,,,,,,,,,
5019,5019,,,,,,,,,,,,
5020,5020,,,,,,,,,,,,
5021,5021,,,,,,,,,,,,
5022,5022,,,,,,,,,,,,
5023,5023,,,,,,,,,,,,
5024,5024,,,,,,,,,,,,
5025,5025,,,,,,,,,,,,
5026,5026,,,,,,,,,,,,
5027,5027,,,,,,,,,,,,
5028,5028,,,,,,,,,,,,
5029,5029,,,,,,,,,,,,
5030,5030,,,,,,,,,,,,
5031,5031,,,,,,,,,,,,
5032,5032,,,,,,,,,,,,
5033,5033,,,,,,,,,,,,
5034,5034,,,,,,,,,,,,
5035,5035,,,,,,,,,,,,
5036,5036,,,,,,,,,,,,
5037,5037,,,,,,,,,,,,
5038,5038,,,,,,,,,,,,
5039,5039,,,,,,,,,,,,
5040,5040,,,,,,,,,,,,
5041,5041,,,,,,,,,,,,
5042,5042,,,,,,,,,,,,
5043,5043,,,,,,,,,,,,
5044,5044,,,,,,,,,,,,
5045,5045,,,,,,,,,,,,
5046,5046,,,,,,,,,,,,
5047,5047,,,,,,,,,,,,
5048,5048,,,,,,,,,,,,
5049,5049,,,,,,,,,,,,
5050,5050,,,,,,,,,,,,
5101,5101,,,,,,,,,,,,
5102,5102,,,,,,,,,,,,
5103,5103,,,,,,,,,,,,
5104,5104,,,,,,,,,,,,
5105,5105,,,,,,,,,,,,
5106,5106,,,,,,,,,,,,
5201,5201,,,,,,,,,,,,
5202,5202,,,,,,,,,,,,
5203,5203,,,,,286,2,,,,,,
5204,5204,,,,,285,2,,,,,,
5205,5205,,,,,,,,,,,,
5206,5206,,,EnhAntiDamage,,,,,,,,,
5207,5207,,,EnhAntiWeight,,,,,,,,,
5208,5208,,,EnhAntiAccuracy,,,,,,,,,
5209,5209,,,EnhAntiFirerate,,,,,,,,,
5210,5210,,,EnhAntiKickBack,,,,,,,,,
5211,5211,,,EnhAntiAmmo,,,,,,,,,
5212,5212,,,,,,,,,,,,
5213,5213,,,,,,,,,,,,
5214,5214,,,,,,,,,,,,
5215,5215,,,,,,,,,,,,
5216,5216,,,,,,,,,,,,
5217,5217,,,,,,,,,,,,
5218,5218,,,,,,,,,,,,
5218,5218,,,,,,,,,,,,
5219,5219,,,,,,,,,,,,
5219,5219,,,,,,,,,,,,
5220,5220,,,,,,,,,,,,
5220,5220,,,,,,,,,,,,
5221,5221,,,,,,,,,,,,
5221,5221,,,,,,,,,,,,
5222,5222,,,,,,,,,,,,
5222,5222,,,,,,,,,,,,
5223,5223,,,,,,,,,,,,
5223,5223,,,,,,,,,,,,
5224,5224,,,,,,,,,,,,
5225,5225,,,,,,,,,,,,
5226,5226,,,,,,,,,,,,
5227,5227,,,,,,,,,,,,
5242,5242,,,,,,,,,,,,
5243,5243,,,,,,,,,,,,
5243,5243,,,,,,,,,,,,
5244,5244,,,,,,,,,,,,
5245,5245,,,,,,,,,,,,
5246,5246,,,,,,,,,,,,
5247,5247,,,,,,,,,,,,
5248,5248,,,,,,,,,,,,
5250,5250,,,,,,,,,,,,
5301,5301,,,,,,,,,,,,
5302,5302,,,,,1045,3,,,,,,
6100,6100,,,,,,,,,,,,
6101,6101,,,,,,,,,,,,
6102,6102,,,,,,,,,,,,
6103,6103,,,,,,,,,,,,
6104,6104,,,,,,,,,,,,
6105,6105,,,,,,,,,,,,
6106,6106,,,,,,,,,,,,
6107,6107,,,,,,,,,,,,
6108,6108,,,,,,,,,,,,
7001,7001,,,,,,,,,,,,
7002,7002,,,FabExtraas50,,,,,,,,,
7004,7004,,,,,,,,,,,,
7005,7005,,,,,,,,,,,,
7009,7009,,,FabExtraSpas12excraft,,,,,,,,,
7010,7010,,,,,,,,,,,,
7011,7011,,,,,,,,,,,,
7012,7012,,,,,,,,,,,,
7013,7013,,,,,,,,,,,,
7014,7014,,,,,,,,,,,,
7016,7016,,,,,,,,,,,,
7019,7019,,,,,,,,,,,,
7020,7020,,,FabExtrathanatos11,,,,,,,,,
7021,7021,,,FabExtraM60Craft,,,,,,,,,
7025,7025,,,FabExtracannonm,,,,,,,,,
7026,7026,,,FabExtrachainsawm,,,,,,,,,
7027,7027,,,,,,,,,,,,
7028,7028,,,FabExtrasfsniperm,,,,,,,,,
7029,7029,,,FabExtragatlingm,,,,,,,,,
7030,7030,,,FabExtraJanus9,,,,,,,,,
7032,7032,,,FabExtraM14ebr,,,,,,,,,
7035,7035,,,FabExtraM82,,,,,,,,,
7037,7037,,,FabExtraJanus7,,,,,,,,,
7038,7038,,,FabExtraJanus11,,,,,,,,,
7039,7039,,,FabExtraGalilcraft,,,,,,,,,
7040,7040,,,FabExtram950,,,,,,,,,
7042,7042,,,FabExtrawa2000,,,,,,,,,
7044,7044,,,FabExtrabalrog11,,,,,,,,,
7045,7045,,,FabExtraskull11,,,,,,,,,
7046,7046,,,FabExtradbarrel,,,,,,,,,
7047,7047,,,FabExtraM134,,,,,,,,,
7049,7049,,,FabExtraflamethrower,,,,,,,,,
7050,7050,,,FabExtrathanatos9,,,,,,,,,
7051,7051,,,FabExtratknife,,,,,,,,,
7052,7052,,,FabExtrasl8,,,,,,,,,
7053,7053,,,FabExtrabalrog9,,,,,,,,,
7054,7054,,,FabExtraJanus5,,,,,,,,,
7055,7055,,,FabExtrathanatos5,,,,,,,,,
7056,7056,,,FabExtramonkeywpnset1,,,,,,,,,
7057,7057,,,FabExtramonkeywpnset2,,,,,,,,,
7058,7058,,,FabExtramonkeywpnset3,,,,,,,,,
7061,7061,,,FabExtraskull4,,,,,,,,,
7062,7062,,,FabExtrapetrolboomer,,,,,,,,,
7063,7063,,,FabExtraSpas12,,,,,,,,,
7066,7066,,,FabExtragilboa,,,,,,,,,
7067,7067,,,FabExtravulcanus7,,,,,,,,,
7068,7068,,,FabExtrauts15,,,,,,,,,
7069,7069,,,FabExtraskull1,,,,,,,,,
7070,7070,,,FabExtrabalrog7,,,,,,,,,
7071,7071,,,FabExtrabalrog1,,,,,,,,,
7072,7072,,,FabExtrajanus1,,,,,,,,,
7076,7076,,,FabExtravulcanus5,,,,,,,,,
7077,7077,,,FabExtrakriss,,,,,,,,,
7078,7078,,,FabExtraskull7,,,,,,,,,
7079,7079,,,FabExtrathanatos1,,,,,,,,,
7080,7080,,,FabExtrainfinityss,,,,,,,,,
7081,7081,,,FabExtralightzg,,,,,,,,,
7082,7082,,,FabExtraheavyzg,,,,,,,,,
7083,7083,,,FabExtram1887craft,,,,,,,,,
7084,7084,,,FabExtravulcanus9,,,,,,,,,
7085,7085,,,FabExtrazgun,,,,,,,,,
7086,7086,,,FabExtraskull5,,,,,,,,,
7087,7087,,,FabExtravulcanus11,,,,,,,,,
7088,7088,,,FabExtrathanatos3,,,,,,,,,
7089,7089,,,FabExtracrow7,,,,,,,,,
7091,7091,,,FabExtrahk121,,,,,,,,,
7092,7092,,,FabExtrazsh_machete,,,,,,,,,
7093,7093,,,FabExtrazsh_crowbar ,,,,,,,,,
7094,7094,,,FabExtrazsh_clawhammer,,,,,,,,,
7095,7095,,,FabExtracrow5,,,,,,,,,
7098,7098,,,FabExtravulcanus1,,,,,,,,,
7099,7099,,,FabExtraskull3,,,,,,,,,
7102,7102,,,FabExtravulcanus3,,,,,,,,,
7104,7104,,,FabExtracrow9,,,,,,,,,
7105,7105,,,FabExtracrow11,,,,,,,,,
7106,7106,,,FabExtracrow3,,,,,,,,,
8001,8001,,,,,1041,3,,,,,,
8002,8002,,,,,1040,3,,,,,,
8003,8003,,,,,1039,3,,,,,,
8004,8004,,,,,1038,3,,,,,,
8005,8005,,,,,1037,3,,,,,,
8006,8006,,,,,1036,3,,,,,,
8007,8007,,,,,973,,,,,,,
8008,8008,,,,,99,,,,,,,
8033,8033,,,,,,,,,,,,
8041,8041,,,,,,,,,,,,
8043,8043,,,,,,,,,,,,
8044,8044,,,,,,,,,,,,
8045,8045,,,,,299,2,,,,,,
8046,8046,,,,,,,,,,,,
8047,8047,,,,,,,,,,,,
8048,8048,,,,,982,,,,,,,
8049,8049,,,,,1004,3,,,,,,
8050,8050,,,,,,,,,,,,
8051,8051,,,,,,,,,,,,
8052,8052,,,,,,,,,,,,
8053,8053,,,,,,,,,,,,
8054,8054,,,,,980,2,,,,,,
8055,8055,,,,,,,,,,,,
8056,8056,,,,,,,,,,,,
8057,8057,,,,,,,,,,,,
8058,8058,,,,,,,,,,,,
8059,8059,,,,,,,,,,,,
8060,8060,,,,,,,,,,,,
8061,8061,,,,,,,,,,,,
8062,8062,,,,,,,,,,,,
8063,8063,,,,,,,,,,,,
8064,8064,,,,,,,,,,,,
8065,8065,,,,,,,,,,,,
8066,8066,,,,,,,,,,,,
8067,8067,,,,,,,,,,,,
8068,8068,,,,,,,,,,,,
8069,8069,,,,,,,,,,,,
8070,8070,,,,,,,,,,,,
8073,8073,,,,,,,,,,,,
8074,8074,,,,,,,,,,,,
8075,8075,,,,,,,,,,,,
8076,8076,,,,,100,,,,,,,
8077,8077,,,,,300,2,,,,,,
8078,8078,,,,,,,,,,,,
8079,8079,,,,,,,,,,,,
8080,8080,,,,,,,,,,,,
8084,8084,,,,,,,,,,,,
8085,8085,,,,,,,,,,,,
8086,8086,,,,,296,2,,,,,,
8087,8087,,,,,,,,,,,,
8088,8088,,,,,,,,,,,,
8089,8089,,,,,,,,,,,,
8090,8090,,,,,,,,,,,,
8091,8091,,,,,,,,,,,,
8093,8093,,,,,,,,,,,,
8094,8094,,,,,,,,,,,,
8095,8095,,,,,,,,,,,,
8096,8096,,,,,,,,,,,,
8097,8097,,,,,,,,,,,,
8100,8100,,,,,,,,,,,,
8101,8101,,,,,,,,,,,,
8102,8102,,,,,,,,,,,,
8103,8103,,,,,98,,,,,,,
8104,8104,,,,,,,,,,,,
8105,8105,,,,,,,,,,,,
8106,8106,,,,,,,,,,,,
8107,8107,,,,,,,,,,,,
8108,8108,,,,,,,,,,,,
8109,8109,,,,,,,,,,,,
8110,8110,,,,,,,,,,,,
8111,8111,,,,,,,,,,,,
8112,8112,,,,,,,,,,,,
8113,8113,,,,,,,,,,,,
8114,8114,,,,,,,,,,,,
8115,8115,,,,,,,,,,,,
8117,8117,,,,,,,,,,,,
8118,8118,,,,,,,,,,,,
8119,8119,,,,,,,,,,,,
8123,8123,,,,,,,,,,,,
8126,8126,,,,,,,,,,,,
8128,8128,,,,,,,,,,,,
8129,8129,,,,,,,,,,,,
8132,8132,,,,,,,,,,,,
8133,8133,,,,,,,,,,,,
8134,8134,,,,,,,,,,,,
8135,8135,,,,,,,,,,,,
8136,8136,,,,,,,,,,,,
8137,8137,,,,,,,,,,,,
8138,8138,,,,,,,,,,,,
8140,8140,,,,,,,,,,,,
8143,8143,,,,,,,,,,,,
8145,8145,,,,,,,,,,,,
8146,8146,,,,,,,,,,,,
8148,8148,,,,,,,,,,,,
8149,8149,,,,,,,,,,,,
8150,8150,,,,,,,,,,,,
8151,8151,,,,,,,,,,,,
8152,8152,,,,,,,,,,,,
8153,8153,,,,,,,,,,,,
8154,8154,,,,,,,,,,,,
8155,8155,,,,,,,,,,,,
8156,8156,,,,,,,,,,,,
8157,8157,,,,,,,,,,,,
8158,8158,,,,,,,,,,,,
8159,8159,,,,,,,,,,,,
8160,8160,,,,,,,,,,,,
8161,8161,,,,,,,,,,,,
8162,8162,,,,,,,,,,,,
8163,8163,,,,,,,,,,,,
8164,8164,,,,,,,,,,,,
8165,8165,,,,,,,,,,,,
8166,8166,,,,,,,,,,,,
8167,8167,,,,,,,,,,,,
8168,8168,,,,,,,,,,,,
8169,8169,,,,,,,,,,,,
8170,8170,,,,,,,,,,,,
8171,8171,,,,,,,,,,,,
8172,8172,,,,,,,,,,,,
8173,8173,,,,,,,,,,,,
8174,8174,,,,,,,,,,,,
8175,8175,,,,,,,,,,,,
8176,8176,,,,,,,,,,,,
8177,8177,,,,,,,,,,,,
8178,8178,,,,,,,,,,,,
8179,8179,,,,,,,,,,,,
8180,8180,,,,,,,,,,,,
8181,8181,,,,,,,,,,,,
8182,8182,,,,,,,,,,,,
8183,8183,,,,,,,,,,,,
8184,8184,,,,,,,,,,,,
8185,8185,,,,,,,,,,,,
8186,8186,,,,,,,,,,,,
8187,8187,,,,,,,,,,,,
8188,8188,,,,,,,,,,,,
8189,8189,,,,,,,,,,,,
8190,8190,,,,,,,,,,,,
8191,8191,,,,,,,,,,,,
8192,8192,,,,,,,,,,,,
8193,8193,,,,,,,,,,,,
8194,8194,,,,,,,,,,,,
8195,8195,,,,,,,,,,,,
8196,8196,,,,,,,,,,,,
8199,8199,,,,,,,,,,,,
8200,8200,,,,,,,,,,,,
8201,8201,,,,,,,,,,,,
8202,8202,,,,,,,,,,,,
8203,8203,,,,,,,,,,,,
8204,8204,,,,,,,,,,,,
8205,8205,,,,,,,,,,,,
8206,8206,,,,,,,,,,,,
8207,8207,,,,,,,,,,,,
8208,8208,,,,,,,,,,,,
8209,8209,,,,,,,,,,,,
8210,8210,,,,,,,,,,,,
8211,8211,,,,,,,,,,,,
8212,8212,,,,,,,,,,,,
8213,8213,,,,,,,,,,,,
8214,8214,,,,,,,,,,,,
8215,8215,,,,,,,,,,,,
8216,8216,,,,,,,,,,,,
8217,8217,,,,,,,,,,,,
8218,8218,,,,,,,,,,,,
8219,8219,,,,,,,,,,,,
8221,8221,,,,,,,,,,,,
8222,8222,,,,,,,,,,,,
8223,8223,,,,,,,,,,,,
8224,8224,,,,,,,,,,,,
8225,8225,,,,,,,,,,,,
8226,8226,,,,,,,,,,,,
8227,8227,,,,,,,,,,,,
8229,8229,,,,,,,,,,,,
8230,8230,,,,,,,,,,,,
8231,8231,,,,,,,,,,,,
8232,8232,,,,,,,,,,,,
8233,8233,,,,,,,,,,,,
8234,8234,,,,,,,,,,,,
8235,8235,,,,,,,,,,,,
8236,8236,,,,,,,,,,,,
8237,8237,,,,,,,,,,,,
8238,8238,,,,,,,,,,,,
8239,8239,,,,,,,,,,,,
8240,8240,,,,,,,,,,,,
8241,8241,,,,,,,,,,,,
8242,8242,,,,,,,,,,,,
8243,8243,,,,,,,,,,,,
8244,8244,,,,,,,,,,,,
8245,8245,,,,,,,,,,,,
8246,8246,,,,,,,,,,,,
8247,8247,,,,,,,,,,,,
8248,8248,,,,,,,,,,,,
8249,8249,,,,,,,,,,,,
8250,8250,,,,,,,,,,,,
8251,8251,,,,,,,,,,,,
8252,8252,,,,,,,,,,,,
8253,8253,,,,,,,,,,,,
8254,8254,,,,,,,,,,,,
8255,8255,,,,,,,,,,,,
8256,8256,,,,,,,,,,,,
8257,8257,,,,,,,,,,,,
8258,8258,,,,,,,,,,,,
8261,8261,,,,,,,,,,,,
8262,8262,,,,,,,,,,,,
8263,8263,,,,,,,,,,,,
8264,8264,,,,,,,,,,,,
8265,8265,,,,,,,,,,,,
8266,8266,,,,,,,,,,,,
8267,8267,,,,,,,,,,,,
8268,8268,,,,,,,,,,,,
8269,8269,,,,,,,,,,,,
8270,8270,,,,,,,,,,,,
8271,8271,,,,,,,,,,,,
8272,8272,,,,,,,,,,,,
8273,8273,,,,,,,,,,,,
8274,8274,,,,,,,,,,,,
8275,8275,,,,,,,,,,,,
8276,8276,,,,,,,,,,,,
8277,8277,,,,,,,,,,,,
8278,8278,,,,,,,,,,,,
8279,8279,,,,,,,,,,,,
8280,8280,,,,,,,,,,,,
8281,8281,,,,,,,,,,,,
8282,8282,,,,,,,,,,,,
8286,8286,,,,,,,,,,,,
8287,8287,,,,,,,,,,,,
8288,8288,,,,,,,,,,,,
8289,8289,,,,,,,,,,,,
8290,8290,,,,,,,,,,,,
8292,8292,,,,,1027,3,,,,,,
8293,8293,,,,,1048,3,,,,,,
8295,8295,,,,,,,,,,,,
8296,8296,,,,,,,,,,,,
8297,8297,,,,,,,,,,,,
8298,8298,,,,,,,,,,,,
8299,8299,,,,,,,,,,,,
8300,8300,,,,,,,,,,,,
8301,8301,,,,,,,,,,,,
8303,8303,,,,,,,,,,,,
8304,8304,,,,,,,,,,,,
8305,8305,,,,,,,,,,,,
8306,8306,,,,,,,,,,,,
8307,8307,,,,,,,,,,,,
8308,8308,,,,,1017,3,,,,,,
8309,8309,,,,,1016,3,,,,,,
8310,8310,,,,,1015,3,,,,,,
8311,8311,,,,,1028,3,,,,,,
8312,8312,,,,,1021,3,,,,,,
8313,8313,,,,,,,,,,,,
8314,8314,,,,,,,,,,,,
8315,8315,,,,,,,,,,,,
8316,8316,,,,,,,,,,,,
8317,8317,,,,,,,,,,,,
8318,8318,,,,,,,,,,,,
8319,8319,,,,,,,,,,,,
8320,8320,,,,,,,,,,,,
8321,8321,,,,,,,,,,,,
8322,8322,,,,,,,,,,,,
8323,8323,,,,,,,,,,,,
8324,8324,,,,,1034,3,,,,,,
8325,8325,,,,,1033,3,,,,,,
8326,8326,,,,,1032,3,,,,,,
8327,8327,,,,,,,,,,,,
8328,8328,,,,,,,,,,,,
8329,8329,,,,,,,,,,,,
8330,8330,,,,,,,,,,,,
8331,8331,,,,,,,,,,,,
8332,8332,,,,,,,,,,,,
8333,8333,,,,,,,,,,,,
8334,8334,,,,,,,,,,,,
8335,8335,,,,,,,,,,,,
8336,8336,,,,,,,,,,,,
8337,8337,,,,,,,,,,,,
8338,8338,,,,,,,,,,,,
8339,8339,,,,,,,,,,,,
8340,8340,,,,,,,,,,,,
8341,8341,,,,,,,,,,,,
8342,8342,,,,,,,,,,,,
8343,8343,,,,,,,,,,,,
8344,8344,,,,,,,,,,,,
8345,8345,,,,,,,,,,,,
8346,8346,,,,,,,,,,,,
8347,8347,,,,,,,,,,,,
8348,8348,,,,,,,,,,,,
8349,8349,,,,,,,,,,,,
8350,8350,,,,,,,,,,,,
8351,8351,,,,,,,,,,,,
8352,8352,,,,,,,,,,,,
8353,8353,,,,,,,,,,,,
8354,8354,,,,,,,,,,,,
8355,8355,,,,,,,,,,,,
8356,8356,,,,,,,,,,,,
8357,8357,,,,,1035,3,,,,,,
8358,8358,,,,,,,,,,,,
8359,8359,,,,,,,,,,,,
8360,8360,,,,,,,,,,,,
8361,8361,,,,,,,,,,,,
8362,8362,,,,,,,,,,,,
8363,8363,,,,,,,,,,,,
8364,8364,,,,,,,,,,,,
8365,8365,,,,,,,,,,,,
8366,8366,,,,,,,,,,,,
8367,8367,,,,,,,,,,,,
8368,8368,,,,,,,,,,,,
8369,8369,,,,,,,,,,,,
8370,8370,,,,,,,,,,,,
8371,8371,,,,,,,,,,,,
8372,8372,,,,,,,,,,,,
8373,8373,,,,,,,,,,,,
8374,8374,,,,,,,,,,,,
8375,8375,,,,,1044,3,,,,,,
8376,8376,,,,,1043,3,,,,,,
8377,8377,,,,,1042,3,,,,,,
8378,8378,,,,,,,,,,,,
8379,8379,,,,,,,,,,,,
8380,8380,,,,,,,,,,,,
8381,8381,,,,,,,,,,,,
8382,8382,,,,,,,,,,,,
8383,8383,,,,,,,,,,,,
8384,8384,,,,,,,,,,,,
8385,8385,,,,,,,,,,,,
8386,8386,,,,,,,,,,,,
8387,8387,,,,,,,,,,,,
8388,8388,,,,,,,,,,,,
8389,8389,,,,,,,,,,,,
8389,8389,,,,,,,,,,,,
8390,8390,,,,,,,,,,,,
8390,8390,,,,,,,,,,,,
8391,8391,,,,,,,,,,,,
8391,8391,,,,,,,,,,,,
8392,8392,,,,,,,,,,,,
8392,8392,,,,,,,,,,,,
8393,8393,,,,,,,,,,,,
8394,8394,,,,,,,,,,,,
8395,8395,,,,,,,,,,,,
8396,8396,,,,,,,,,,,,
8397,8397,,,,,,,,,,,,
8398,8398,,,,,,,,,,,,
8399,8399,,,,,,,,,,,,
8400,8400,,,,,,,,,,,,
8401,8401,,,,,,,,,,,,
8402,8402,,,,,,,,,,,,
8403,8403,,,,,,,,,,,,
8404,8404,,,,,,,,,,,,
8405,8405,,,,,,,,,,,,
8406,8406,,,,,,,,,,,,
8407,8407,,,,,,,,,,,,
8408,8408,,,,,,,,,,,,
8409,8409,,,,,,,,,,,,
8410,8410,,,,,,,,,,,,
8411,8411,,,,,,,,,,,,
8412,8412,,,,,,,,,,,,
8413,8413,,,,,,,,,,,,
8414,8414,,,,,,,,,,,,
8415,8415,,,,,,,,,,,,
8416,8416,,,,,,,,,,,,
8417,8417,,,,,,,,,,,,
8418,8418,,,,,,,,,,,,
8419,8419,,,,,,,,,,,,
8420,8420,,,,,,,,,,,,
8421,8421,,,,,,,,,,,,
8422,8422,,,,,,,,,,,,
8423,8423,,,,,,,,,,,,
8424,8424,,,,,,,,,,,,
8425,8425,,,,,,,,,,,,
8426,8426,,,,,,,,,,,,
8427,8427,,,,,,,,,,,,
8428,8428,,,,,,,,,,,,
8429,8429,,,,,,,,,,,,
8430,8430,,,,,,,,,,,,
8431,8431,,,,,,,,,,,,
8432,8432,,,,,,,,,,,,
8433,8433,,,,,,,,,,,,
8434,8434,,,,,,,,,,,,
8435,8435,,,,,,,,,,,,
8436,8436,,,,,,,,,,,,
8437,8437,,,,,,,,,,,,
8438,8438,,,,,,,,,,,,
8439,8439,,,,,,,,,,,,
8440,8440,,,,,,,,,,,,
8441,8441,,,,,,,,,,,,
8442,8442,,,,,,,,,,,,
8443,8443,,,,,,,,,,,,
8444,8444,,,,,,,,,,,,
8445,8445,,,,,,,,,,,,
8446,8446,,,,,,,,,,,,
8447,8447,,,,,,,,,,,,
8448,8448,,,,,,,,,,,,
8449,8449,,,,,,,,,,,,
8450,8450,,,,,,,,,,,,
8451,8451,,,,,,,,,,,,
8452,8452,,,,,,,,,,,,
8453,8453,,,,,,,,,,,,
8454,8454,,,,,,,,,,,,
8455,8455,,,,,,,,,,,,
8456,8456,,,,,,,,,,,,
8457,8457,,,,,,,,,,,,
8458,8458,,,,,,,,,,,,
8459,8459,,,,,,,,,,,,
8460,8460,,,,,,,,,,,,
8461,8461,,,,,,,,,,,,
8462,8462,,,,,,,,,,,,
8463,8463,,,,,,,,,,,,
8464,8464,,,,,,,,,,,,
8465,8465,,,,,,,,,,,,
8466,8466,,,,,,,,,,,,
8467,8467,,,,,,,,,,,,
8468,8468,,,,,,,,,,,,
8469,8469,,,,,,,,,,,,
8470,8470,,,,,,,,,,,,
8471,8471,,,,,,,,,,,,
8472,8472,,,,,,,,,,,,
8473,8473,,,,,,,,,,,,
8474,8474,,,,,,,,,,,,
8475,8475,,,,,,,,,,,,
8476,8476,,,,,,,,,,,,
8477,8477,,,,,,,,,,,,
8478,8478,,,,,,,,,,,,
8479,8479,,,,,,,,,,,,
8480,8480,,,,,,,,,,,,
9997,9997,,,,,,,,,,,,
9998,9998,,,,,,,,,,,,
9999,9999,,,,,,,,,,,,
10000,,0,34,Bonuspoint30000,0,,,Bonuspoint10000,,0,,,
10001,,0,34,Bonuspoint30000,0,,,Bonuspoint10000,,0,,,
10002,,0,34,Bonuspoint100000,0,,,Bonuspoint10000,,0,,,
10003,,0,34,Bonuspoint10000,0,,,Bonuspoint10000,,0,,,
10004,,0,34,Bonuspoint5000,0,,,Bonuspoint10000,,0,,,
10005,,0,34,Bonuspoint100,0,,,Bonuspoint10000,,0,,,
10006,,0,34,Bonuspoint300,0,,,Bonuspoint10000,,0,,,
10007,,0,34,Bonuspoint500,0,,,Bonuspoint10000,,0,,,
10008,,0,34,Bonuspoint1000,0,,,Bonuspoint10000,,0,,,
10009,,0,34,Bonuspoint50000,0,,,Bonuspoint10000,,0,,,
10010,,0,34,GBonuspoint5000,0,,,Bonuspoint10000,,0,,,
10011,,0,34,GBonuspoint10000,0,,,Bonuspoint10000,,0,,,
10012,,0,34,GBonuspoint50000,0,,,Bonuspoint10000,,0,,,
10013,,0,34,GBonuspoint100000,0,,,Bonuspoint10000,,0,,,
10014,228,,,CSOTWTEXT03Point,,,,CSOTWTEXT03Point,,0,,,
10015,229,,,CSOTWTEXT04Point,,,,CSOTWTEXT04Point,,0,,,
10016,292,,,TextH04Bonus,,,,TextH04Bonus,,0,,,
10017,295,,,TextL03Bonus,,,,TextL03Bonus,,0,,,
10018,296,,,TextL04Bonus,,,,TextL04Bonus,,0,,,
10019,2092,,,luckybox3_50sale,,,,luckybox3_50sale,,0,,,
10020,2031,,,summerweaponbox_50sale,,,,summerweaponbox_50sale,,0,,,
20000,,0,1,SMGSet,0,,,,,0,,,
20001,,0,3,SpeacialSet,0,,,,,0,,,
20002,,0,3,FastAttackSet,0,,,,,0,,,
20003,,0,4,SniperSet,0,,,,,0,,,
20004,,0,3,AssaultRifleSet,0,,,,,0,,,
20005,,0,3,VariableSet,0,,,,,0,,,
20006,,0,2,ShotgunSet,0,,,,,0,,,
20007,,0,1,ShortRangeSet,0,,,,,0,,,
20008,,0,7,PistolSet,0,,,,,0,,,
20009,,0,5,MGSet,0,,,,,0,,,
20010,,0,3,BestRifleSet,0,,,,,0,,,
20011,,0,3,WorldBestSet,0,,,,,0,,,
20012,,0,3,AllWeaponClassicSet,0,,,,,0,,,
20013,,0,3,AllWeaponOBTSet,0,,,,,0,,,
20014,,0,3,AllCashWeaponSet,0,,,,,0,,,
20016,,0,42,ZombieCnoWeapon,0,,,,0,0,,,
20017,,0,42,ZombieDnoWeapon,0,,,,0,0,,,
20018,,0,42,ZombieEnoWeapon,0,,,,0,0,,,
20019,,0,30,FakeSet01,0,,,FakeSet01,,0,,,
20020,,0,30,FakeSet02,0,,,FakeSet02,,0,,,
20021,,0,30,FakeSet03,0,,,FakeSet03,,0,,,
20022,,0,42,ZombieFnoWeapon,0,,,ZombieFnoWeapon,0,0,,,
20023,,0,42,ZombieGnoWeapon,0,,,ZombieGnoWeapon,,0,,,
20024,,0,42,ZombieDEFGnoWeapon,0,,,ZombieDEFGnoWeapon,,0,,,
20025,,0,4,WorldWarSet,0,,,WorldWarSet,,0,,,
20026,,0,42,ZombieInoWeapon,0,,,,,0,,,
20027,,0,53,scMSet,0,,,,,0,,,
20028,,0,53,scWSet,0,,,,,0,,,
20029,,0,3,CartSet01,0,,,CartSet01,,0,,,
20030,,0,10,LocalGirlSet01,0,,,LocalGirlSet01,,0,,,
20031,,0,43,HSSet01,0,,,HSSet01,,0,,,
20032,,0,36,ChoosukSet,0,,,ChoosukSet,,0,,,
20033,,0,3,KatanaTAR21,0,,,KatanaTAR21,,0,,,
20034,,0,43,HSSet02,0,,,HSSet02,,0,,,
20035,,0,20,CombatDecoderSet,0,,,CombatDecoderSet,,0,,,
20036,,0,20,InfinityDecoderSet,0,,,InfinityDecoderSet,,0,,,
20037,,0,5,DragonM60,0,,,DragonM60,,0,,,
20038,,0,3,SkullSet01,0,,,SkullSet01,,0,,,
20039,,0,42,ZombieJnoWeapon,0,,,ZombieJnoWeapon,,0,,,
20040,,0,42,ZombieBJnoWeapon,0,,,ZombieBJnoWeapon,,0,,,
20041,,0,20,AliceDecoderSet,0,,,AliceDecoderSet,,0,,,
20042,360,0,7,ma_alice,0,293,2,ma_alice,,0,,,
20043,,0,10,JenniferNatasha,0,,,JenniferNatasha,,0,,,
20044,,0,1,LugerThompsonSet,0,,,LugerThompsonSet,,0,,,
20045,,0,20,M14DecoderSet,0,,,M14DecoderSet,,0,,,
20046,,0,10,SpadeHunter,0,290,2,SpadeHunter,,0,,,
20047,,0,20,KeyDecoder,0,,,KeyDecoder,,0,,,
20048,,0,42,ZombieKnoWeapon,0,,,ZombieKnoWeapon,,0,,,
20049,,0,6,KSetSalamander,0,,,KSetSalamander,,0,,,
20050,,0,42,ZombieBKnoWeapon,0,,,ZombieBKnoWeapon,,0,,,
20051,,0,20,DecoderBox,0,,,DecoderBox,,0,,,
20052,,0,42,ZombieLnoWeapon,0,,,ZombieLnoWeapon,,0,,,
20053,392,2,7,FernandoSet,0,292,2,FernandoSet,,0,,,
20054,393,1,7,BlairSet,0,,,BlairSet,,0,,,
20055,,0,10,blairfernando,0,,,blairfernando,,0,,,
20056,,0,20,DecoderBox50p,0,,,DecoderBox50p,,0,,,
20057,,0,20,M134DecoderBox30p,0,,,M134DecoderBox30p,,0,,,
20058,,0,20,InfinitySDecoder,0,,,InfinitySDecoder,,0,,,
20059,,0,20,CombatDecoder,0,,,CombatDecoder,,0,,,
20060,,0,40,AllZombieSet,0,,,AllZombieSet,,0,,,
20061,,0,20,M95codeABox60p,0,,,M95codeABox60p,,0,,,
20062,,0,20,M24codeABox60p,0,,,M24codeABox60p,,0,,,
20063,,0,20,M14codeABox60p,0,,,M14codeABox60p,,0,,,
20064,,0,20,Mg3codeABox60p,0,,,Mg3codeABox60p,,0,,,
20065,,0,20,WA2000codeABox60p,0,,,WA2000codeABox60p,,0,,,
20066,,0,5,Skull17Set,0,,,Skull17Set,,0,,,
20067,,0,8,Skull19Set,0,,,Skull19Set,,0,,,
20068,,0,3,Cashgun3daySet,0,,,Cashgun3daySet,,0,,,
20069,,0,20,PKMDecoderSet15p,0,,,PKMDecoderSet15p,,0,,,
20070,419,2,7,MarineSet,0,,,MarineSet,,0,,,
20071,,0,23,AdvEnhKeySet,0,,,AdvEnhKeySet,,0,,,
20072,311,0,10,CartSet02,0,,,CartSet02,,0,,,
20073,,0,23,KSG12EnhAdv50p,0,,,KSG12EnhAdv50p,,0,,,
20074,,0,23,AS50EnhAdv50p,0,,,AS50EnhAdv50p,,0,,,
20075,,0,20,DKnifecodeAbox50p,0,,,DKnifecodeAbox50p,,0,,,
20076,,0,20,DKnifeDecoderbox50p,0,,,DKnifeDecoderbox50p,,0,,,
20077,,1,10,PirateSet,0,,,PirateSet,,0,,,
20078,,0,8,M79Tomahawk,0,,,M79Tomahawk,,0,,,
20079,,0,23,M14EBREnhAdv50p,0,,,M14EBREnhAdv50p,,0,,,
20080,,0,23,PKMEnhAdv50p,0,,,PKMEnhAdv50p,,0,,,
20081,,0,23,Skull11EnhAdv50p,0,,,Skull11EnhAdv50p,,0,,,
20082,,0,1,Skull3Bonus,0,,,Skull3Bonus,,0,,,
20083,,0,4,m82infinity,0,,,m82infinity,,0,,,
20084,,0,4,m82m13430day,0,,,m82m13430day,,0,,,
20085,,0,4,m82mg3630day,0,,,m82mg3630day,,0,,,
20086,,0,4,m95enhadv50p,0,,,m95enhadv50p,,0,,,
20087,,0,5,mk48enhadv50p,0,,,mk48enhadv50p,,0,,,
20088,,0,6,m32Eventseta,0,,,m32Eventseta,,0,,,
20089,,0,40,boomerresidentset,0,,,boomerresidentset,,0,,,
20090,,0,20,balrog7codeabox50p,0,,,balrog7codeabox50p,,0,,,
20091,,0,23,wa2000enhadv50p,0,,,wa2000enhadv50p,,0,,,
20092,,0,4,zgunset01key2,0,,,zgunset01key2,,0,,,
20093,,0,11,kingcobrasl8,0,,,kingcobrasl8,,0,,,
20094,,0,1,kingcobraanaconda,0,,,kingcobraanaconda,,0,,,
20095,,0,20,axecodea,0,,,axecodea,,0,,,
20096,,0,20,balrog5codeabox50p,0,,,balrog5codeabox50p,,0,,,
20097,,0,23,m82enhadv50p,0,,,m82enhadv50p,,0,,,
20098,,0,5,pkmbonus,0,,,pkm,,0,,,
20099,,0,4,as50bonus,0,,,as50,,0,,,
20100,,0,8,tomahawkbonus,0,,,tomahawk,,0,,,
20101,,0,1,krissbonus,0,,,kriss,,0,,,
20102,,0,36,zombiecxm2010,0,,,zombiecxm2010,,0,,,
20103,,0,36,zombiechk23,0,,,zombiechk23,,0,,,
20104,,0,36,zombiecmk48,0,,,zombiecmk48,,0,,,
20105,,0,5,balrog7zbsset01,0,,,balrog7zbsset01,,0,,,
20106,,0,5,balrog7uts15key,0,,,balrog7uts15key,,0,,,
20107,,0,20,dragondecoderbox50P,0,,,dragondecoderbox50P,,0,,,
20108,,0,3,AK47,0,,,AK47,,0,,,
20109,,0,3,m4a1,0,,,m4a1,,0,,,
20110,,0,4,awp,0,,,awp,,0,,,
20111,,0,7,deserteagle,0,,,deserteagle,,0,,,
20112,,0,42,ZombieDnoWeapon,0,,,ZombieDnoWeapon,,0,,,
20113,,0,42,ZombieInoWeapon,0,,,ZombieInoWeapon,,0,,,
20114,,0,42,ZombieKnoWeapon,0,,,ZombieKnoWeapon,,0,,,
20115,,0,42,ZombieLnoWeapon,0,,,ZombieLnoWeapon,,0,,,
20116,,0,42,ZombieBnoWeapon,0,,,ZombieBnoWeapon,,0,,,
20117,,0,42,ZombieAnoWeapon,0,,,ZombieAnoWeapon,,0,,,
20118,,0,20,CashDecoder,0,,,CashDecoder,,0,,,
20119,,0,8,balrog9zbsset01,0,,,balrog9zbsset01,,0,,,
20120,,0,1,skull3bonus,0,,,skull3,,0,,,
20121,,0,1,skull3decoderset,,,,skull3decoderset,,0,,,
20122,,0,2,skull11bonus2,,,,skull11,,0,,,
20123,,0,2,skull11decoderset,,,,skull11decoderset,,0,,,
20124,,0,4,m24g11,,,,m24g11,,0,,,
20125,,0,2,ksg12kinganaconda,,,,ksg12kinganaconda,,0,,,
20126,,0,2,m1887kinganaconda,,,,m1887kinganaconda,,0,,,
20127,,0,1,kinganacondaenhadv50p,,,,kinganacondaenhadv50p,,0,,,
20128,,,10,yurialice2,0,,,yurialice2,,0,,,
20129,,0,1,balrog1codeAbox50p,,,,balrog1codeAbox50p,,0,,,
20130,,0,1,balrog1decoderbox50p,,,,balrog1decoderbox50p,,0,,,
20131,,0,1,balrog1decoderboxset,,,,balrog1decoderboxset,,0,,,
20132,,0,2,tbarrelpartsdbarrel,,,,tbarrelpartsdbarrel,,,,,
20133,,0,2,uts15enhadv50p,0,,,uts15enhadv50p,,0,,,
20134,,0,1,balrog37coupon,0,,,balrog37coupon,,0,,,
20135,,0,1,balrog3key2set,0,,,balrog3key2set,,,,,
20136,,0,1,balrog3codebkey2set,0,,,balrog3codebkey2set,,,,,
20137,,0,20,DecoderbBox50p,0,,,DecoderbBox50p,,,,,
20138,,0,3,skull411coupon,0,,,skull411coupon,,0,,,
20139,,,41,zombiedskinsale,,,,zombiedskinsale,0,0,,,
20140,,0,3,balrog511set,0,,,balrog511set,,0,,,
20141,,0,4,awpzskull8coupon,0,,,awpzskull8coupon,,,,,
20142,,0,5,skull8decoderbbox50p,0,,,skull8decoderbbox50p,,,,,
20143,,0,5,skull8decoder3cbox,0,,,skull8decoder3cbox,,,,,
20144,,0,20,DecoderbBox100p,0,,,DecoderbBox100p,,,,,
20145,,0,20,DecoderaBox100p,0,,,DecoderaBox100p,,,,,
20146,,0,20,DecoderBox100p,0,,,DecoderBox100p,,,,,
20147,,0,6,watercannoncodeabox50p,0,,,watercannoncodeabox50p,,0,,,
20148,,0,6,watercannondecoder3cbox,0,,,watercannondecoder3cbox,,0,,,
20149,,0,1,skull36set,0,,,skull36set,,0,,,
20150,,0,5,mg36m95mg3m134xmas,0,,,mg36m95mg3m134xmas,,0,,,
20151,,0,7,tknifepartsset,0,,,tknifepartsset,,0,,,
20152,,0,1,balrog1arx160,0,,,balrog1arx160,,0,,,
20153,,0,20,janus5decoderbbox50p,0,,,janus5decoderbbox50p,,0,,,
20154,,0,20,janus5decoder3cbox,0,,,janus5decoder3cbox,,0,,,
20155,,0,20,m32codeabox50p,0,,,m32codeabox50p,,0,,,
20156,,0,20,m32decoder3cbox,0,,,m32decoder3cbox,,0,,,
20157,,0,10,mercenaryset,0,,,mercenaryset,,0,,,
20158,,0,10,mercenaryadvenh50p,0,,,mercenaryadvenh50p,,0,,,
20159,,0,3,g11advenh50p,0,,,g11advenh50p,,0,,,
20160,,0,1,balrog3janus7coupon,0,,,balrog3janus7coupon,,0,,,
20161,,0,4,skull4codebbox50p,0,,,skull4codebbox50p,,0,,,
20162,,0,2,skull11codeabox50p,0,,,skull11codeabox50p,,0,,,
20163,,0,3,balrog5codebbox50p,0,,,balrog5codebbox50p,,0,,,
20164,,0,1,janus1zgunset,0,,,janus1zgunset,,0,,,
20165,,0,2,m1887xmascodebbox50p,0,,,,,0,,,
20166,,0,2,m1887xmasdecoder3cbox,0,,,,,0,,,
20167,,0,8,skull9enhadv100p,0,,,skull9enhadv100p,,0,,,
20168,,0,3,arx160enhadv50p,0,,,arx160enhadv50p,,0,,,
20169,,0,4,m2skull3set,0,,,m2skull3set,,0,,,
20170,,0,2,balrog11decoderbox100p,0,,,balrog11decoderbox100p,,0,,,
20171,,0,2,balrog11codeabox100p,0,,,balrog11codeabox100p,,0,,,
20172,,0,2,balrog11codebbox100p,0,,,balrog11codebbox100p,,0,,,
20173,,0,19,choipirate2codeabox50p,0,,,choipirate2codeabox50p,,0,,,
20174,,0,19,choipirate2codebbox50p,0,,,choipirate2codebbox50p,,0,,,
20175,,0,8,zshpackage,0,,,,0,0,,,
20176,,0,10,janus59coupon,0,,,janus59coupon,,0,,,
20177,,0,40,z4seta,,,,z4seta,0,0,,,
20178,,0,40,z4setacoderabox100p,,,,z4setacoderabox100p,0,0,,,
20179,,0,40,z4setacoderbbox100p,,,,z4setacoderbbox100p,0,0,,,
20180,,0,1,balrog3codebbox50p,0,,,balrog3codebbox50p,,0,,,
20181,,0,5,monkeywpnsetkey,0,,,monkeywpnsetkey,,0,,,
20182,,0,23,m2enhadv5p,0,,,m2enhadv5p,,0,,,
20183,,0,23,m2enhadv50p,0,,,m2enhadv50p,,0,,,
20184,,0,22,fabplancsfabendumaxper,,,,fabplancsfabendumaxper,,0,,,
20185,,0,2,janus11codeabox100p,,,,janus11codeabox100p,,0,,,
20186,,0,2,janus11alldecoderbox75p,,,,janus11alldecoderbox75p,,0,,,
20187,,0,6,petrolboomeralldecoderbox75p,0,,,petrolboomeralldecoderbox75p,,0,,,
20188,,0,6,petrolboomerdecoderbox50p,0,,,petrolboomerdecoderbox50p,,0,,,
20189,,0,6,petrolboomercodeabox50p,0,,,petrolboomercodeabox50p,,0,,,
20190,,0,6,petrolboomercodebbox50p,0,,,petrolboomercodebbox50p,,0,,,
20191,,0,4,m2decoder3box75p,0,,,m2decoder3box75p,,0,,,
20192,,0,4,m2decoderbox50p,,,,m2decoderbox50p,,0,,,
20193,,0,4,m2decoderabox50p,,,,m2decoderabox50p,,0,,,
20194,,0,4,m2decoderbbox50p,,,,m2decoderbbox50p,,0,,,
20195,,0,1,janus3coupontknife,,,,janus3coupontknife,,0,,,
20196,,0,1,janus3tknife,,,,janus3tknife,,0,,,
20200,,0,11,meisterset,,,,meisterset,,0,,,
20201,,0,1,janus39set,,,,janus39set,,0,,,
20202,,0,3,war2seta,,,,war2seta,,0,,,
20203,,0,2,tbarrelpartsdbarrelcodebbox50p,,,,tbarrelpartsdbarrelcodebbox50p,,0,,,
20204,,0,3,minorset,,,,minorset,,0,,,
20205,,0,20,zshpackagedecoderbox50p,,,,zshpackagedecoderbox50p,,0,,,
20206,,0,20,zshpackagecodeabox50p,,,,zshpackagecodeabox50p,,0,,,
20207,,0,20,zshpackagecodebbox50p,,,,zshpackagecodebbox50p,,0,,,
20208,,0,3,war2setb,,,,war2setb,,0,,,
20209,,0,20,DecoderBox100pbighead,,,,DecoderBox100pbighead,,0,,,
20210,,0,20,DecoderaBox100pbighead,,,,DecoderaBox100pbighead,,0,,,
20211,,0,20,DecoderbBox100pbighead,,,,DecoderbBox100pbighead,,0,,,
20212,,0,20,DecoderBox30p,,,,DecoderBox30p,,0,,,
20213,,0,20,DecoderaBox30p,,,,DecoderaBox30p,,0,,,
20214,,0,20,DecoderbBox30p,,,,DecoderbBox30p,,0,,,
20215,,0,20,war2setballdecoder75p,,,,war2setballdecoder75p,,0,,,
20216,,0,20,war2setbcodebbox50p,,,,war2setbcodebbox50p,,0,,,
20217,679,0,20,monkeywpnsetcodebbox50p,,970,2,monkeywpnsetcodebbox50p,,0,,,
20218,,0,8,attackontitanset,,,,attackontitanset,,0,,,
20219,,0,8,attacktitansetvodebbox50p,,,,attacktitansetvodebbox50p,,0,,,
20220,,0,3,giloaas50key4set,,,,giloaas50key4set,,0,,,
20221,,0,3,grozaenhadv100p,,,,grozaenhadv100p,,0,,,
20222,,0,3,grozaenhadv50p,,,,grozaenhadv50p,,0,,,
20223,,0,23,enhadv100p,,,,enhadv100p,,0,,,
20224,,0,4,sl8sl8expartscodeabox50p,,,,sl8sl8expartscodeabox50p,,0,,,
20225,,0,1,krisscodebbox50p,,,,krisscodebbox50p,,0,,,
20226,,0,3,gilboacodebbox50p,,,,gilboacodebbox50p,,0,,,
20227,,0,32,weaponpaint123set,,,,weaponpaint123set,,0,,,
20228,,0,8,tomahawk_xmas_codebbox50p,,,,tomahawk_xmas_codebbox50p,,0,,,
20229,741,0,5,ozwpnset,,966,2,ozwpnset,,0,,,
20230,752,0,,fabextrathanatos7set,,,,fabextrathanatos7set,,0,,7001,
20231,,0,29,fabandmax1,,,,fabandmax1,,0,,,
20232,,0,29,fabandmax2,,,,fabandmax2,,0,,,
20233,,0,29,fabandmax3,,,,fabandmax3,,0,,,
20234,,0,29,fabandmax4,,,,fabandmax4,,0,,,
20235,,0,29,fabandmax5,,,,fabandmax5,,0,,,
20236,,0,29,fabandmax6,,,,fabandmax6,,0,,,
20237,242,0,10,fabextrainfinityset,,,,fabextrainfinityset,,0,,7004,
20238,463,0,10,fabextram32set,,,,fabextram32set,,0,,7011,
20239,345,0,10,fabextrakatanaset,,,,fabextrakatanaset,,0,,7005,
20240,157,0,10,fabextratrg42set,,,,fabextratrg42set,,0,,7012,
20241,248,0,10,fabextracombatknifeset,,,,fabextracombatknifeset,,0,,7013,
20242,753,0,,FabExtraRpg7set,,,,FabExtraRpg7set,,0,,7010,
20243,,0,29,FabExtraRpg7setenhadv50p,,,,FabExtraRpg7setenhadv50p,,0,,7010,
20244,585,0,,FabExtraarx160set,,,,FabExtraarx160set,,0,,7019,
20245,344,0,,FabExtram95set,,,,FabExtram95set,,0,,7014,
20246,382,0,,FabExtraxm2010set,,,,FabExtraxm2010set,,0,,7020,
20247,608,0,,FabExtram2set,,,,FabExtram2set,,0,,7016,
20248,,0,23,rpg7enhadv_for_coupon,,,,FabExtraRpg7set,,0,,,
20249,,0,29,fabextrathanatos7set_coupon,,,,,,,,,
20250,,0,29,FabEnduMax10_coupon,,,,,,,,,
20251,,0,12,dino_cos_set,,,,dino_cos_set,,,,,
20252,764,,,FabExtrathanatos11set,,,,FabExtrathanatos11set,,,,7024,
20253,764,,,FabExtrathanatos11codebbox50p,,,,FabExtrathanatos11codebbox50p,,,,7024,
20254,717,,,FabExtracannonmset,,,,FabExtracannonmset,,,,7025,
20255,717,,,FabExtracannonmcodeabox50p,,,,FabExtracannonmcodeabox50p,,,,7025,
20256,718,,,FabExtrachainsawmset,,,,FabExtrachainsawmset,,,,7026,
20257,718,,,FabExtrachainsawmcodebbox50p,,,,FabExtrachainsawmcodebbox50p,,,,7026,
20258,,,20,soizimsetcodebbox50p,,,,soizimsetcodebbox50p,,,,,
20259,,,20,mercenarysetcodeabox50p,,,,mercenarysetcodeabox50p,,,,,
20260,766,0,10,FabExtrasfsnipermset,,,,,0,0,,7028,
20261,767,0,10,FabExtragatlingmset,,,,,0,0,,7029,
20262,,0,29,FabExtrasfsnipermgatlingmset,,,,,0,0,,,
20263,768,0,10,FabExtram950set,,,,,0,0,,7040,
20264,768,0,10,FabExtram950setenhadv50p,,,,FabExtram950setenhadv50p,0,0,,7040,
20265,337,0,10,FabExtrawa2000set,,,,FabExtrawa2000set,0,0,,7042,
20266,385,0,10,FabExtraas50set,,,,FabExtraas50set,0,0,,7002,
20267,554,0,10,FabExtrabalrog11set,,,,FabExtrabalrog11set,,,,7044,
20268,554,0,10,FabExtrabalrog11set_mdecoder50,,,,FabExtrabalrog11set_mdecoder50,,,,7044,
20269,437,0,10,FabExtraskull11set,,,,FabExtraskull11set,,,,7045,
20270,437,0,10,FabExtraskull11set_mdecoder50,,,,FabExtraskull11set_mdecoder50,,,,7045,
20271,684,0,10,FabExtraJanus11set,,,,FabExtraJanus11set,,,,7038,
20272,684,0,10,FabExtraJanus11set_mdecoder50,,,,FabExtraJanus11set_mdecoder50,,,,7038,
20273,307,0,10,FabExtradbarrelset,,,,FabExtradbarrelset,,,,7046,
20274,307,0,10,FabExtradbarrelset_mdecoder50,,,,FabExtradbarrelset_mdecoder50,,,,7046,
20275,,0,20,mdecoder100p,,,,mdecoder100p,,0,,,
20276,764,,,FabExtrathanatos11set_mdecoder50,,,,FabExtrathanatos11set_mdecoder50,,,,7024,
20277,,0,20,mdecoder20p_add10p,,,,mdecoder20p_add10p,,0,,,
20278,,2,10,vngirlset,,,,vngirlset,,,,,
20279,,0,10,vnset_mdecoder50,,,,vnset_mdecoder50,,,,,
20280,579,0,10,FabExtratknifeset,,,,FabExtratknifeset,,,,7051,
20281,187,0,10,FabExtrasl8set,,,,FabExtrasl8set,,,,7052,
20282,673,0,10,fabextrajanus9set,,,,fabextrajanus9set,,,,7030,
20283,673,0,10,fabextrajanus9set_mdecoder50,,,,fabextrajanus9set_mdecoder50,,,,7030,
20284,504,0,10,FabExtrabalrog9set,,,,FabExtrabalrog9set,,,,7053,
20285,504,0,10,FabExtrabalrog9set_mdecoder50,,,,FabExtrabalrog9set_mdecoder50,,,,7053,
20286,776,0,10,FabExtrathanatos9set,,,,FabExtrathanatos9set,,,,7050,
20287,776,0,10,FabExtrathanatos9set_mdecoder50,,,,FabExtrathanatos9set_mdecoder50,,,,7050,
20288,587,0,10,FabExtraJanus5set,,,,FabExtraJanus5set,,,,7054,
20289,587,0,10,FabExtraJanus5set_mdecoder50,,,,FabExtraJanus5set_mdecoder50,,,,7054,
20290,774,,,mdecoderbonusevent,,,,mdecoderbonusevent,,,,,
20291,784,,,FabExtrathanatos5set,,,,FabExtrathanatos5set,,,,7055,
20292,752,0,10,FabExtrathanatos7set_mdecoder50,,,,FabExtrathanatos7set_mdecoder50,,,,7001,
20293,784,,,FabExtrathanatos5set_mdecoder50,,,,FabExtrathanatos5set_mdecoder50,,,,7055,
20294,538,,,FabExtraskull4set,,,,FabExtraskull4set,,,,7061,
20295,538,,,FabExtraskull4set_mdecoder50,,,,FabExtraskull4set_mdecoder50,,,,7061,
20296,706,0,10,FabExtrapetrolboomerset,,,,FabExtrapetrolboomerset,,,,7062,
20297,706,0,10,FabExtrapetrolboomerset_mdecoder50,,,,FabExtrapetrolboomerset_mdecoder50,,,,7062,
20298,787,0,10,FabExtravulcanus7set,,,,FabExtravulcanus7set,,,,7067,
20299,787,0,10,FabExtravulcanus7set_mdecoder50,,,,FabExtravulcanus7set_mdecoder50,,,,7067,
20300,,0,20,mdecoder100p5000mileage,,,,mdecoder100p5000mileage,,,,,
20301,717,,,FabExtracannonmset_mdecoder50,,,,FabExtracannonmset_mdecoder50,,,,7025,
20302,718,,,FabExtrachainsawmset_mdecoder50,,,,FabExtrachainsawmset_mdecoder50,,,,7026,
20303,493,0,10,FabExtrauts15set,,,,FabExtrauts15set,,,,7068,
20304,493,0,10,FabExtrauts15set_mdecoder50,,,,FabExtrauts15set_mdecoder50,,,,7068,
20305,679,0,10,FabExtramonkeywpnset1set,,,,FabExtramonkeywpnset1set,,,,7056,
20306,680,0,10,FabExtramonkeywpnset2set,,,,FabExtramonkeywpnset2set,,,,7057,
20307,681,0,10,FabExtramonkeywpnset3set,,,,FabExtramonkeywpnset3set,,,,7058,
20308,493,0,10,FabExtrauts15setenhadv50p,,,,FabExtrauts15setenhadv50p,,,,7068,
20309,792,0,10,airburster_mdecoder100,,,,airburster_mdecoder100,,,,,
20310,,0,20,nojinset_mdecoder50,,,,nojinset_mdecoder50,,,,,
20311,,0,20,choipirate2_mdecoder50,,,,choipirate2_mdecoder50,,,,,
20312,,0,20,yurialice2_mdecoder50,,,,yurialice2_mdecoder50,,,,,
20313,407,,,FabExtraskull1set,,,,FabExtraskull1set,,,,7069,
20314,466,,,FabExtrabalrog7set,,,,FabExtrabalrog7set,,,,7070,
20315,517,,,FabExtrabalrog1set,,,,FabExtrabalrog1set,,,,7071,
20316,595,0,10,FabExtraJanus7set,,,,FabExtraJanus7set,,,,7037,
20317,407,,,FabExtraskull1set_mdecoder50,,,,FabExtraskull1set_mdecoder50,,,,7069,
20318,466,,,FabExtrabalrog7set_mdecoder50,,,,FabExtrabalrog7set_mdecoder50,,,,7070,
20319,517,,,FabExtrabalrog1set_mdecoder50,,,,FabExtrabalrog1set_mdecoder50,,,,7071,
20320,595,0,10,FabExtraJanus7set_mdecoder50,,,,FabExtraJanus7set_mdecoder50,,,,7037,
20321,7076,0,10,vulcanus5couponset_mdecoder50,,,,vulcanus5couponset_mdecoder50,,,,,
20322,7076,0,10,vulcanus5couponset,,,,vulcanus5couponset,,,,,
20323,804,0,10,FabExtravulcanus5set,,,,FabExtravulcanus5set,,,,7076,
20324,804,0,10,FabExtravulcanus5set_mdecoder50,,,,FabExtravulcanus5set_mdecoder50,,,,7076,
20325,,0,32,weaponpaint123_eagle_remove_set,,288,2,weaponpaint123_eagle_remove_set,,0,,,
20326,442,0,10,FabExtraM82set,,,,FabExtraM82set,,,,7035,
20327,304,0,10,fabextram14ebrset,,,,fabextram14ebrset,,,,7032,
20328,327,0,10,fabextraskull7set,,,,fabextraskull7set,,,,7078,
20329,598,0,10,FabExtrajanus1set,,,,FabExtrajanus1set,,,,7072,
20330,733,0,10,FabExtragilboaset,,,,FabExtragilboaset,,,,7066,
20331,812,0,10,FabExtrathanatos1set,,,,FabExtrathanatos1set,,,,7079,
20332,812,0,10,FabExtrathanatos1set_mdecoder50,,,,FabExtrathanatos1set_mdecoder50,,,,7079,
20333,308,0,10,FabExtrainfinityssset,,,,FabExtrainfinityssset,,,,7080,
20334,422,0,10,FabExtraspas12set,,,,FabExtraspas12set,,,,7063,
20335,816,0,10,FabExtravulcanus9set,,,,FabExtravulcanus9set,,,,7084,
20336,816,0,10,FabExtravulcanus9set_mdecoder50,,,,FabExtravulcanus9set_mdecoder50,,,,7084,
20337,683,0,10,FabExtraSpas12excraftset,,,,FabExtraSpas12excraftset,,,,7009,
20338,682,0,10,FabExtraM60Craftset,,,,FabExtraM60Craftset,,,,7021,
20339,697,0,10,FabExtraGalilcraftset,,,,FabExtraGalilcraftset,,,,7039,
20340,213,0,10,FabExtraM134set,,,,FabExtraM134set,,,,7047,
20341,389,0,10,FabExtraflamethrowerset,,,,FabExtraflamethrowerset,,,,7049,
20342,322,0,10,FabExtrakrissset,,,,FabExtrakrissset,,,,7077,
20343,467,0,10,FabExtralightzgset,,,,FabExtralightzgset,,,,7081,
20344,468,0,10,FabExtraheavyzgset,,,,FabExtraheavyzgset,,,,7082,
20345,698,0,10,FabExtram1887craftset,,,,FabExtram1887craftset,,,,7083,
20346,561,0,10,FabExtrazgunset,,,,FabExtrazgunset,,,,7085,
20347,,0,29,FabExtraset_heavyzglightzg,,,,FabExtraset_heavyzglightzg,,,,,
20348,,0,29,FabExtraset_zgunflamethrower,,,,FabExtraset_zgunflamethrower,,,,,
20349,,0,3,dragonset_akm4knife,,,,dragonset_akm4knife,,,,,
20350,,0,20,mdecoder50p2500mileage,,,,mdecoder50p2500mileage,,0,,,
20351,,0,20,mdecoder50p_add20p,,,,mdecoder50p_add20p,,0,,,
20352,833,0,10,FabExtravulcanus11set,,,,FabExtravulcanus11set,,,,7087,
20353,834,0,10,FabExtrathanatos3set,,,,FabExtrathanatos3set,,,,7088,
20354,,0,32,WeaponPaint_ChoiJiYoon_Galaxy_set,,291,2,WeaponPaint_ChoiJiYoon_Galaxy_set,,0,,,
20355,834,0,10,FabExtrathanatos3set_mdecoder50,,,,FabExtrathanatos3set_mdecoder50,,,,7088,
20356,833,0,10,FabExtravulcanus11set_mdecoder50,,,,FabExtravulcanus11set_mdecoder50,,,,7087,
20357,,0,5,janus7xmas_tsdecoder50p,,,,janus7xmas_tsdecoder50p,,,,,
20358,842,0,10,FabExtracrow7set,,,,FabExtracrow7set,,,,7089,
20359,842,0,10,FabExtracrow7set_mdecoder50,,,,FabExtracrow7set_mdecoder50,,,,7089,
20360,,0,20,tsdecoder100p,,,,tsdecoder100p,,,,,
20361,,0,20,tsdecoder20p_10p,,,,tsdecoder20p_10p,,,,,
20362,846,0,10,FabExtrahk121set,,,,FabExtrahk121set,,,,7091,
20363,670,0,10,FabExtrazsh_macheteset,,,,FabExtrazsh_macheteset,,,,7092,
20364,671,0,10,FabExtrazsh_crowbarset,,,,FabExtrazsh_crowbarset,,,,7093,
20365,672,0,10,FabExtrazsh_clawhammerset,,,,FabExtrazsh_clawhammerset,,,,7094,
20366,848,0,10,FabExtracrow5set,,,,FabExtracrow5set,,,,7095,
20367,848,0,10,FabExtracrow5set_mdecoder50,,,,FabExtracrow5set_mdecoder50,,,,7095,
20368,858,0,10,FabExtravulcanus1set,,,,FabExtravulcanus1set,,,,7098,
20369,858,0,10,FabExtravulcanus1set_mdecoder50,,,,FabExtravulcanus1set_mdecoder50,,,,7098,
20370,,0,20,mdecodersupplyboxPointExpUpSkull4,,,,,,,,,
20371,,0,29,FabExtraskull1setWeaponPaintBlood,,,,,0,0,,7069,
20372,,0,29,FabExtraskull3setWeaponPaintBlood,,,,,0,0,,7099,
20373,,0,29,FabExtraskull5setWeaponPaintBlood,,,,,0,0,,7086,
20374,427,,,FabExtraskull3set,,,,FabExtraskull3set,,,,7099,
20375,367,,,FabExtraskull5set,,,,FabExtraskull5set,,,,7086,
20376,,0,20,mdecodersupplyboxPointExpUpSkull9,,,,,,,,,
20377,532,0,10,FabExtrabalrog3set,,,,,0,0,,7100,
20378,,0,29,FabExtrabalrog3setWeaponPaiontPoison,,,,,0,0,,7100,
20379,,0,29,FabExtrabalrog11setWeaponPaiontPoison,,,,,0,0,,7044,
20380,,0,20,mdecodersupplyboxPointExpUpBalrog11,,,,,,,,,
20381,867,0,10,FabExtravulcanus3set,,,,,0,0,,7102,
20382,867,0,10,FabExtravulcanus3set_tsdecoder50,,,,,,,,7102,
20383,867,0,10,FabExtravulcanus3set_mdecoder50,,,,,,,,7102,
20384,363,0,10,FabExtraSkull9set,,,,,0,0,,7027,
20385,,0,29,FabExtraSkull9setWeaponPaintBlood,,,,,0,0,,7027,
20386,,0,29,FabExtraskull7setWeaponPaintBlood,,,,,0,0,,7078,
20387,,0,29,FabExtraskull11setWeaponPaintBlood,,,,,0,0,,7045,
20388,482,0,10,FabExtrabalrog5set,,,,,0,0,,7103,
20389,,0,29,FabExtrabalrog1setWeaponPaintPoison,,,,,0,0,,7071,
20390,,0,29,FabExtrabalrog5setWeaponPaintPoison,,,,,0,0,,7103,
20391,,0,29,FabExtrabalrog7setWeaponPaintPoison,,,,,0,0,,7070,
20392,,0,29,FabExtrabalrog9setWeaponPaintPoison,,,,,0,0,,7053,
20393,,0,32,plasmagunpaintset,,,,,,0,,,
20394,,0,32,sfsniperpaintset,,,,,,0,,,
20395,,0,32,spriflepaintset,,,,,,0,,,
20396,895,0,10,FabExtracrow9set,,,,,0,0,,7104,
20397,895,0,10,FabExtracrow9set_tsdecoder50,,,,,,0,,7104,
20398,895,0,10,FabExtracrow9set_mdecoder50,,,,,,0,,7104,
20399,,0,32,infinityex2paintset,,,,,,0,,,
20400,918,0,10,FabExtracrow11set,,,,,0,0,,7105,
20401,918,0,10,FabExtracrow11set_mdecoder50,,,,,,0,,7105,
20402,,0,32,bowpaintset,,,,,,0,,,
20403,843,0,,tsdecoder100p_5000mileage,,,,,,0,,,
20404,918,0,10,FabExtracrow11set_tsdecoder50,,,,,,0,,7105,
20405,,0,20,ozwpnset_mdecoder50p,,,,,,0,,,
20406,923,0,10,FabExtracrow3set,,,,,,0,,7106,
20407,923,0,10,FabExtracrow3set_mdecoder50,,,,,,0,,7106,
20408,,0,32,m950sepaintset,,,,,,,,,
20409,,0,32,laserminigunpaintset,,,,,,,,,
20410,,0,32,destroyerpaintset,,,,,,,,,
20411,,0,1,crow15000mileage,,,,,,,,,
20412,956,0,10,topdecoderB100p,,,,,,,,,
20413,976,0,,topdecoderSA10mileage,,,,,,0,,,
20414,976,0,,topdecoderSA20p_1p,,,,,,0,,,
20415,,0,32,airbursterPaintset,,,,,,,,,
20416,,0,32,chainsawmPaintset,,,,,,,,,
20417,,0,32,petrolboomerPaintset,,,,,,,,,
20418,,0,32,sfpistolPaintset,,,,,,,,,
20419,,0,32,weaponpaintcontestseta2500mileage,,,,,,,,,
20420,,0,32,weaponpaintcontestsetb2500mileage,,,,,,,,,
20421,,0,5,charger7_5000mileage,,,,,,,,,
20422,,0,52,vxlweaponset01,,97,,,,,,,
20423,,0,52,vxlcheerupset01,,94,,,,,,,
20424,,0,52,vxlcheerupset02,,93,,,,,,,
20425,956,0,10,topdecoderB100p5000mileage,,,,,,,,,
20426,976,0,10,topdecoderSA10mileage5000set,,,,,,,,,
20427,919,0,10,enhrunebladeset,,981,,enhrunebladeset,,,,,
20428,2091,0,10,luckybox2_50sale,,,,luckybox2_50sale,,,,,
20428,2188,0,10,luckybox5_50sale,,,,luckybox5_50sale,,,,,
20429,,0,,seasonpass15grade,,,,seasonpass15grade,,,,,
20430,2599,,,topdecoderEPIC100set,,1049,3,topdecoderEPIC100set,0,0,,,
20431,2179,,,,,,,bingoticket,,,,,1
20432,2179,,,,,,,bingoticket,,,,,1
20433,,0,51,vxlweaponset02,,1012,3,vxlweaponset02,,,,,
20434,8292,,,g5decoder100set,,1046,3,g5decoder100set,,,,,
20435,8293,,,g5decoderP30set,,1047,3,g5decoderP30set,,,,,
20437,8309,,,g4decoderP20set,,1019,3,g4decoderP20set,,,,,
20438,8308,,,g4decoder100set,,1018,3,g4decoder100set,,,,,
20439,8336,,,y20s1yeongsinsprayb_50sale,,1016,3,y20s1yeongsinsprayb_50sale,0,0,,,
20440,8335,,,y20s1leechangspraya_50sale,,1017,3,y20s1leechangspraya_50sale,0,0,,,
30000,,0,36,ResetPcbangEvent,0,,,ResetPcbang,,0,,,
30001,46,1,7,IRA,0,,,,,0,,,
30002,47,1,7,ETA,0,,,,,0,,,
30003,48,1,7,JRA,0,,,,,0,,,
30004,55,2,7,sozo,0,,,,,0,,,
30005,56,2,7,magui,0,,,,,0,,,
30006,57,2,7,sdefence,0,,,,,0,,,
30008,148,,,,,,,,,,,,
30009,187,,,,,,,,,,,,
30010,197,,,,,,,,,,,,
30011,21,,,AK47EVENT,,,,ak47,,,,,
30012,15,,,M4A1EVENT,,,,m4a1,,,,,
30013,14,,,AWPEVENT,,,,awp,,,,,
30014,148,,,MG3EVENT,,,,mg3,,,,,
30015,213,,,M134EVENT,,,,m134,,,,,
30016,,,11,YuriCriss,,,,YuriCriss,,,,,
30017,,,11,ChoiJiYoonRitsuka,,,,ChoiJiYoonRitsuka,,,,,
30018,231,0,8,SDWspraySet1,,,,SDWspraySet1,,0,,,
30019,233,,,,,,,,,,,,
30020,237,,,,,,,,,,,,
30021,235,0,8,SDWspraySet2,,,,SDWspraySet2,,0,,,
30022,242,,,,,,,,,,,,
30023,,,20,EventDecoderSet1,,,,EventDecoderSet1,,,,,
30024,,,20,EventDecoderSet2,,,,EventDecoderSet2,,,,,
30025,,,20,EventDecoderSet3,,,,EventDecoderSet3,,,,,
30026,,,20,EventDecoderSet4,,,,EventDecoderSet4,,,,,
30027,,,20,EventDecoderSet5,,,,EventDecoderSet5,,,,,
30028,248,,,,,,,,,,,,
30029,256,0,8,SDZspraySet1,,,,SDZspraySet1,,0,,,
30030,261,,,,,,,,,,,,
30031,265,0,8,SDZspraySet2,,,,SDZspraySet2,,0,,,
30032,271,,,,,,,,,,,,
30033,,,20,EventDecoderSet6,,,,EventDecoderSet6,,,,,
30034,304,,,,,,,,,,,,
30035,309,,,,,,,,,,,,
30036,,,20,EventDecoderSet7,,,,EventDecoderSet7,,,,,
30037,307,,,,,,,,,,,,
30038,316,,,,,,,,,,,,
30039,317,,,,,,,,,,,,
30040,318,,,,,,,,,,,,
30041,319,,,,,,,,,,,,
30042,322,,,,,,,,,,,,
30043,308,,,,,,,,,,,,
30044,311,,,,,,,,,,,,
30045,312,,,,,,,,,,,,
30046,327,,,,,,,,,,,,
30047,328,,,,,,2,,,,,,
30048,329,,,,,,2,,,,,,
30049,330,,,,,,,,,,,,
30050,337,,,,,,,,,,,,
30051,337,0,8,WA2000Bonus,,,,WA2000Bonus,,0,,,
30052,344,,,,,,,,,,,,
30053,345,,,,,,,,,,,,
30054,355,,,,,,,,,,,,
30055,363,,,,,,,,,,,,
30056,366,,,,,,,,,,,,
30057,367,,,,,,,,,,,,
30058,370,,,,,,,,,,,,
30059,371,,,,,,,,,,,,
30060,372,,,,,,,,,,,,
30061,376,,,,,,,,,,,,
30062,377,,,,,,,,,,,,
30063,384,,,,,,,,,,,,
30064,385,,,,,,,,,,,,
30065,389,,,,,,,,,,,,
30066,213,,,,,,,,,,,,
30067,400,,,,,,,,,,,,
30068,407,,,,,,,,,,,,
30069,343,,,,,,,,,,,,
30070,414,,,,,,,,,,,,
30071,417,,,,,,,,,,,,
30072,422,,,,,,,,,,,,
30073,382,,,,,,,,,,,,
30074,424,,,,,,,,,,,,
30075,424,,,m95xmas,,,,,,,,,
30076,,0,23,NataJenniAdven100p,0,,,NataJenniAdven100p,,0,,,
30078,427,0,3,,0,,,,,0,,,
30079,431,,,,,,,,,,,,
30080,432,,7,,,,,,,,,,
30081,433,,7,,,,2,,,,,,
30082,436,,,,,,,,,,,,
30083,437,,,,,,,,,,,,
30084,442,,,,,,,,,,,,
30085,463,,,,,,,,,,,,
30086,466,,,,,,,,,,,,
30087,467,,,,,,,,,,,,
30088,468,,,,,,,,,,,,
30089,469,,,,,,,,,,,,
30090,482,,,,,,,,,,,,
30091,472,,,,,,,,,,,,
30092,493,,,,,,,,,,,,
30093,255,,,,,,,,,,,,
30094,504,,,,,,,,,,,,
30095,503,,,,,,,,,,,,
30096,503,,,mg36xmas,,,,,,,,,
30097,509,,,,,,,,,,,,
30098,517,,,,,,,,,,,,
30099,527,,,,,,,,,,,,
30100,532,0,,,,,,,,,,,
30101,524,,,,,,,,,,,,
30102,538,,,,,,,,,,,,
30103,542,,,,,,,,,,,,
30104,554,,,,0,,,,,,,,
30105,305,,,deimos,,,,,,,,,
30106,561,,,zgun,,,,,,,,,
30107,562,,,,,,,,,,,,
30108,556,,,watercannon,,,,,,,,,
30109,577,,,,,,,,,,,,
30110,510,,,,,,,,,,,,
30111,511,,,,,,,,,,,,
30112,579,,,,,,,,,,,,
30113,585,,,,,,,,,,,,
30114,587,,,,,,,,,,,,
30115,592,,,,,,,,,,,,
30116,593,,,,,,,,,,,,
30117,595,,,,,,,,,,,,
30118,598,,,janus1,,,,,,,,,
30119,588,,,groza,,,,,,,,,
30120,591,,,m1887xmas,,,,,,,,,
30121,608,,,m2,,,,,,,,,
30122,668,,,,,,,,,,,,
30123,669,,,,,,,,,,,,
30124,673,,,,,,,,,,,,
30125,679,,,,,,,,,,,,
30126,680,,,,,,,,,,,,
30127,681,,,,,,,,,,,,
30128,684,,,,,,,,,,,,
30129,706,,,,,,,,,,,,
30130,709,,,,,,,,,,,,
30131,710,,,,,,,,,,,,
30132,711,,,,,,,,,,,,
30133,713,,,,,,,,,,,,
30134,714,,,,,,,,,,,,
30135,715,,,,,,,,,,,,
30136,716,,,,,,,,,,,,
30137,717,,,,,,,,,,,,
30138,718,,,,,,,,,,,,
30139,721,,,,,,,,,,,,
30140,722,,,,,,,,,,,,
30141,723,,,,,,,,,,,,
30142,724,,,,,,,,,,,,
30143,596,,,,,,,,,,,,
30144,597,,,,,,,,,,,,
30145,733,,,,,,,,,,,,
30146,741,,,,,,,,,,,,
30147,742,,,,,,,,,,,,
30148,743,,,,,,,,,,,,
30149,744,,,,,,,,,,,,
30150,745,,,,,,,,,,,,
30151,746,,,,,,,,,,,,
30152,747,,,,,287,2,,,,,,
30153,751,,,,,,,,,,,,
30154,267,,,M134_Xmas,,,,,,,,,
30155,268,,,MG3_Xmas,,,,,,,,,
30156,591,,,m1887xmas,,,,,,,,,
30157,752,,,,,,,,,,,,
30158,753,,,,,,,,,,,,
30159,759,,,,,,,,,,,,
30160,760,,,,,,,,,,,,
30161,778,1,7,vnman,,,,vnman,,,,,
30162,792,,,airburster,,1007,3,airburster,,,,,
30163,801,,,nojinct,,,,nojinct,,,,,
30164,802,,,nojintr,,,,nojintr,,,,,
30165,777,,,vngirl,,,,,,,,,
30166,807,,,,,,,,,,,,
30167,840,,,,,,,,,,,,
30168,768,,,,,,,,,,,,
30169,934,,,,,,,,,,,,
30170,697,,,,,,,,,,,,
30171,698,,,,,,,,,,,,
30172,725,,,,,,,,,,,,
30173,682,,,,,,,,,,,,
30174,726,,,,,,,,,,,,
30175,683,,,,,,,,,,,,
30176,858,,,,,,,,,,,,
30177,804,,,,,,,,,,,,
30178,867,,,,,,,,,,,,
30179,816,,,,,,,,,,,,
30180,833,,,,,,,,,,,,
30181,787,,,,,,,,,,,,
30182,858,,,,,,,,,,,,
30183,867,,,,,,,,,,,,
30184,804,,,,,,,,,,,,
30185,787,,,,,,,,,,,,
30186,816,,,,,,,,,,,,
30187,833,,,,,,,,,,,,
30188,962,,,,,,,,,,,,
30189,895,,,,,,,,,,,,
30190,969,,,,,,,,,,,,
30191,842,,,,,298,2,,,,,,
30192,848,,,,,,,,,,,,
30193,981,,,,,,,,,,,,
30194,970,,,,,,,,,,,,
30195,971,,,,,,,,,,,,
30196,8041,,,,,294,2,,,,,,
30197,8045,,,,,,,,,,,,
30198,8007,,,,,,,,,,,,
30199,,,10,12000mileage_twtr,,,,12000mileage_twtr,,,,,
30200,,,11,12000mileage_twct,,,,12000mileage_twct,,,,,
40000,,0,36,DefeatInvalidation14000,0,,,,,0,,,
40001,,0,36,DefeatInvalidation40000,0,,,,,0,,,
40002,,0,36,DefeatInvalidation140000,0,,,,,0,,,
50000,153,1,7,Jennifer,0,,,,,0,,,
50001,,0,34,twcouponbox,0,,,twcouponbox,,0,,,
50002,,0,34,twcouponbox1,0,,,twcouponbox,,0,,,
50003,,0,34,twcouponbox2,0,,,twcouponbox,,0,,,
50004,,0,34,twcouponbox3,0,,,twcouponbox,,0,,,
50005,,0,34,twcouponbox4,0,,,twcouponbox,,0,,,
50006,,0,34,twcouponbox5,0,,,twcouponbox,,0,,,
3001,3001,,,,,,,,,,,,
3002,3002,,,,,,,,,,,,
3003,3003,,,,,,,,,,,,
3004,3004,,,,,,,,,,,,
3005,3005,,,,,,,,,,,,
3006,3006,,,,,,,,,,,,
3007,3007,,,,,,,,,,,,
3008,3008,,,,,,,,,,,,
3009,3009,,,,,,,,,,,,
3010,3010,,,,,,,,,,,,
3011,3011,,,,,,,,,,,,
3012,3012,,,,,,,,,,,,
3013,3013,,,,,,,,,,,,
3014,3014,,,,,,,,,,,,
3015,3015,,,,,,,,,,,,
3016,3016,,,,,,,,,,,,
3017,3017,,,,,,,,,,,,
3018,3018,,,,,,,,,,,,
3019,3019,,,,,,,,,,,,
3020,3020,,,,,,,,,,,,
3021,3021,,,,,,,,,,,,
3022,3022,,,,,,,,,,,,
3023,3023,,,,,,,,,,,,
3024,3024,,,,,,,,,,,,
3025,3025,,,,,,,,,,,,
3026,3026,,,,,,,,,,,,
3027,3027,,,,,,,,,,,,
3028,3028,,,,,,,,,,,,
3029,3029,,,,,,,,,,,,
3030,3030,,,,,,,,,,,,
3031,3031,,,,,,,,,,,,
3032,3032,,,,,,,,,,,,
3033,3033,,,,,,,,,,,,
3034,3034,,,,,,,,,,,,
3035,3035,,,,,,,,,,,,
3036,3036,,,,,,,,,,,,
3037,3037,,,,,,,,,,,,
3038,3038,,,,,,,,,,,,
3039,3039,,,,,,,,,,,,
3040,3040,,,,,,,,,,,,
3041,3041,,,,,,,,,,,,
3042,3042,,,,,,,,,,,,
3043,3043,,,,,,,,,,,,
3044,3044,,,,,,,,,,,,
3045,3045,,,,,,,,,,,,
3046,3046,,,,,,,,,,,,
3047,3047,,,,,,,,,,,,
3048,3048,,,,,,,,,,,,
3049,3049,,,,,,,,,,,,
3050,3050,,,,,,,,,,,,
3051,3051,,,,,,,,,,,,
3052,3052,,,,,,,,,,,,
3053,3053,,,,,,,,,,,,
3054,3054,,,,,,,,,,,,
3055,3055,,,,,,,,,,,,
3056,3056,,,,,,,,,,,,
3057,3057,,,,,,,,,,,,
3058,3058,,,,,,,,,,,,
3059,3059,,,,,,,,,,,,
3060,3060,,,,,,,,,,,,
3061,3061,,,,,,,,,,,,
3062,3062,,,,,,,,,,,,
3063,3063,,,,,,,,,,,,
3064,3064,,,,,,,,,,,,
3065,3065,,,,,,,,,,,,
3066,3066,,,,,,,,,,,,
3067,3067,,,,,,,,,,,,
3068,3068,,,,,,,,,,,,
3069,3069,,,,,,,,,,,,
3070,3070,,,,,,,,,,,,
3071,3071,,,,,,,,,,,,
3072,3072,,,,,,,,,,,,
3073,3073,,,,,,,,,,,,
3074,3074,,,,,,,,,,,,
3075,3075,,,,,,,,,,,,
3076,3076,,,,,,,,,,,,
3077,3077,,,,,,,,,,,,
3078,3078,,,,,,,,,,,,
3079,3079,,,,,,,,,,,,
3080,3080,,,,,,,,,,,,
3081,3081,,,,,,,,,,,,
3082,3082,,,,,,,,,,,,
3083,3083,,,,,,,,,,,,
3084,3084,,,,,,,,,,,,
3085,3085,,,,,,,,,,,,
3086,3086,,,,,,,,,,,,
3087,3087,,,,,,,,,,,,
3088,3088,,,,,,,,,,,,
3089,3089,,,,,,,,,,,,
3090,3090,,,,,,,,,,,,
3091,3091,,,,,,,,,,,,
3092,3092,,,,,,,,,,,,
3093,3093,,,,,,,,,,,,
3094,3094,,,,,,,,,,,,
3095,3095,,,,,,,,,,,,
3096,3096,,,,,,,,,,,,
3097,3097,,,,,,,,,,,,
3098,3098,,,,,,,,,,,,
3099,3099,,,,,,,,,,,,
3100,3100,,,,,,,,,,,,
3101,3101,,,,,,,,,,,,
3102,3102,,,,,,,,,,,,
3103,3103,,,,,,,,,,,,
3104,3104,,,,,,,,,,,,
3105,3105,,,,,,,,,,,,
3106,3106,,,,,,,,,,,,
3107,3107,,,,,,,,,,,,
3108,3108,,,,,,,,,,,,
3109,3109,,,,,,,,,,,,
3110,3110,,,,,,,,,,,,
3111,3111,,,,,,,,,,,,
3112,3112,,,,,,,,,,,,
3113,3113,,,,,,,,,,,,
3114,3114,,,,,,,,,,,,
3115,3115,,,,,,,,,,,,
3116,3116,,,,,,,,,,,,
3117,3117,,,,,,,,,,,,
3118,3118,,,,,,,,,,,,
3119,3119,,,,,,,,,,,,
3120,3120,,,,,,,,,,,,
3121,3121,,,,,,,,,,,,
3122,3122,,,,,,,,,,,,
3123,3123,,,,,,,,,,,,
3124,3124,,,,,,,,,,,,
3125,3125,,,,,,,,,,,,
3126,3126,,,,,,,,,,,,
3127,3127,,,,,,,,,,,,
3128,3128,,,,,,,,,,,,
3129,3129,,,,,,,,,,,,
3130,3130,,,,,,,,,,,,
3131,3131,,,,,,,,,,,,
3132,3132,,,,,,,,,,,,
3133,3133,,,,,,,,,,,,
3134,3134,,,,,,,,,,,,
3135,3135,,,,,,,,,,,,
3136,3136,,,,,,,,,,,,
3137,3137,,,,,,,,,,,,
3138,3138,,,,,,,,,,,,
3139,3139,,,,,,,,,,,,
3140,3140,,,,,,,,,,,,
3141,3141,,,,,,,,,,,,
3142,3142,,,,,,,,,,,,
3143,3143,,,,,,,,,,,,
3144,3144,,,,,,,,,,,,
3145,3145,,,,,,,,,,,,
3146,3146,,,,,,,,,,,,
3147,3147,,,,,,,,,,,,
3148,3148,,,,,,,,,,,,
3149,3149,,,,,,,,,,,,
3150,3150,,,,,,,,,,,,
3151,3151,,,,,,,,,,,,
3152,3152,,,,,,,,,,,,
3153,3153,,,,,,,,,,,,
3154,3154,,,,,,,,,,,,
3155,3155,,,,,,,,,,,,
3156,3156,,,,,,,,,,,,
3157,3157,,,,,,,,,,,,
3158,3158,,,,,,,,,,,,
3159,3159,,,,,,,,,,,,
3160,3160,,,,,,,,,,,,
3161,3161,,,,,,,,,,,,
3162,3162,,,,,,,,,,,,
3163,3163,,,,,,,,,,,,
3164,3164,,,,,,,,,,,,
3165,3165,,,,,,,,,,,,
3166,3166,,,,,,,,,,,,
3167,3167,,,,,,,,,,,,
3168,3168,,,,,,,,,,,,
3169,3169,,,,,,,,,,,,
3170,3170,,,,,,,,,,,,
3171,3171,,,,,,,,,,,,
3172,3172,,,,,,,,,,,,
3173,3173,,,,,,,,,,,,
3174,3174,,,,,,,,,,,,
3175,3175,,,,,,,,,,,,
3176,3176,,,,,,,,,,,,
3177,3177,,,,,,,,,,,,
3178,3178,,,,,,,,,,,,
3179,3179,,,,,,,,,,,,
3180,3180,,,,,,,,,,,,
3181,3181,,,,,,,,,,,,
3182,3182,,,,,,,,,,,,
3183,3183,,,,,,,,,,,,
3184,3184,,,,,,,,,,,,
3185,3185,,,,,,,,,,,,
3186,3186,,,,,,,,,,,,
3187,3187,,,,,,,,,,,,
3188,3188,,,,,,,,,,,,
3189,3189,,,,,,,,,,,,
3190,3190,,,,,,,,,,,,
3191,3191,,,,,,,,,,,,
3192,3192,,,,,,,,,,,,
3193,3193,,,,,,,,,,,,
3194,3194,,,,,,,,,,,,
3195,3195,,,,,,,,,,,,
3196,3196,,,,,,,,,,,,
3197,3197,,,,,,,,,,,,
3198,3198,,,,,,,,,,,,
3199,3199,,,,,,,,,,,,
3200,3200,,,,,,,,,,,,
3201,3201,,,,,,,,,,,,
3202,3202,,,,,,,,,,,,
3203,3203,,,,,,,,,,,,
3204,3204,,,,,,,,,,,,
3205,3205,,,,,,,,,,,,
3206,3206,,,,,,,,,,,,
3207,3207,,,,,,,,,,,,
3208,3208,,,,,,,,,,,,
3209,3209,,,,,,,,,,,,
3210,3210,,,,,,,,,,,,
3211,3211,,,,,,,,,,,,
3212,3212,,,,,,,,,,,,
3213,3213,,,,,,,,,,,,
3214,3214,,,,,,,,,,,,
3215,3215,,,,,,,,,,,,
3216,3216,,,,,,,,,,,,
3217,3217,,,,,,,,,,,,
3218,3218,,,,,,,,,,,,
3219,3219,,,,,,,,,,,,
3220,3220,,,,,,,,,,,,
3221,3221,,,,,,,,,,,,
3222,3222,,,,,,,,,,,,
3223,3223,,,,,,,,,,,,
3224,3224,,,,,,,,,,,,
3225,3225,,,,,,,,,,,,
3226,3226,,,,,,,,,,,,
3227,3227,,,,,,,,,,,,
3228,3228,,,,,,,,,,,,
3229,3229,,,,,,,,,,,,
3230,3230,,,,,,,,,,,,
3231,3231,,,,,,,,,,,,
3232,3232,,,,,,,,,,,,
3233,3233,,,,,,,,,,,,
3234,3234,,,,,,,,,,,,
3235,3235,,,,,,,,,,,,
3236,3236,,,,,,,,,,,,
3237,3237,,,,,,,,,,,,
3238,3238,,,,,,,,,,,,
3239,3239,,,,,,,,,,,,
3240,3240,,,,,,,,,,,,
3241,3241,,,,,,,,,,,,
3242,3242,,,,,,,,,,,,
3243,3243,,,,,,,,,,,,
3244,3244,,,,,,,,,,,,
3245,3245,,,,,,,,,,,,
3246,3246,,,,,,,,,,,,
3247,3247,,,,,,,,,,,,
3248,3248,,,,,,,,,,,,
3249,3249,,,,,,,,,,,,
3250,3250,,,,,,,,,,,,
3251,3251,,,,,,,,,,,,
3252,3252,,,,,,,,,,,,
3253,3253,,,,,,,,,,,,
3254,3254,,,,,,,,,,,,
3255,3255,,,,,,,,,,,,
3256,3256,,,,,,,,,,,,
3257,3257,,,,,,,,,,,,
3258,3258,,,,,,,,,,,,
3259,3259,,,,,,,,,,,,
3260,3260,,,,,,,,,,,,
3261,3261,,,,,,,,,,,,
3262,3262,,,,,,,,,,,,
3263,3263,,,,,,,,,,,,
3264,3264,,,,,,,,,,,,
3265,3265,,,,,,,,,,,,
3266,3266,,,,,,,,,,,,
3267,3267,,,,,,,,,,,,
3268,3268,,,,,,,,,,,,
3269,3269,,,,,,,,,,,,
3270,3270,,,,,,,,,,,,
3271,3271,,,,,,,,,,,,
3272,3272,,,,,,,,,,,,
3273,3273,,,,,,,,,,,,
3274,3274,,,,,,,,,,,,
3275,3275,,,,,,,,,,,,
3276,3276,,,,,,,,,,,,
3277,3277,,,,,,,,,,,,
3278,3278,,,,,,,,,,,,
3279,3279,,,,,,,,,,,,
3280,3280,,,,,,,,,,,,
3281,3281,,,,,,,,,,,,
3282,3282,,,,,,,,,,,,
3283,3283,,,,,,,,,,,,
3284,3284,,,,,,,,,,,,
3285,3285,,,,,,,,,,,,
3286,3286,,,,,,,,,,,,
3287,3287,,,,,,,,,,,,
3288,3288,,,,,,,,,,,,
3289,3289,,,,,,,,,,,,
3290,3290,,,,,,,,,,,,
3291,3291,,,,,,,,,,,,
3292,3292,,,,,,,,,,,,
3293,3293,,,,,,,,,,,,
3294,3294,,,,,,,,,,,,
3295,3295,,,,,,,,,,,,
3296,3296,,,,,,,,,,,,
3297,3297,,,,,,,,,,,,
3298,3298,,,,,,,,,,,,
3299,3299,,,,,,,,,,,,
3300,3300,,,,,,,,,,,,
3301,3301,,,,,,,,,,,,
3302,3302,,,,,,,,,,,,
3303,3303,,,,,,,,,,,,
3304,3304,,,,,,,,,,,,
3305,3305,,,,,,,,,,,,
3306,3306,,,,,,,,,,,,
3307,3307,,,,,,,,,,,,
3308,3308,,,,,,,,,,,,
3309,3309,,,,,,,,,,,,
3310,3310,,,,,,,,,,,,
3311,3311,,,,,,,,,,,,
3312,3312,,,,,,,,,,,,
3313,3313,,,,,,,,,,,,
3314,3314,,,,,,,,,,,,
3315,3315,,,,,,,,,,,,
3316,3316,,,,,,,,,,,,
3317,3317,,,,,,,,,,,,
3318,3318,,,,,,,,,,,,
3319,3319,,,,,,,,,,,,
3320,3320,,,,,,,,,,,,
3321,3321,,,,,,,,,,,,
3322,3322,,,,,,,,,,,,
3323,3323,,,,,,,,,,,,
3324,3324,,,,,,,,,,,,
3325,3325,,,,,,,,,,,,
3326,3326,,,,,,,,,,,,
3327,3327,,,,,,,,,,,,
3328,3328,,,,,,,,,,,,
3329,3329,,,,,,,,,,,,
3330,3330,,,,,,,,,,,,
3331,3331,,,,,,,,,,,,
3332,3332,,,,,,,,,,,,
3333,3333,,,,,,,,,,,,
3334,3334,,,,,,,,,,,,
3335,3335,,,,,,,,,,,,
3336,3336,,,,,,,,,,,,
3337,3337,,,,,,,,,,,,
3338,3338,,,,,,,,,,,,
3339,3339,,,,,,,,,,,,
3340,3340,,,,,,,,,,,,
3341,3341,,,,,,,,,,,,
3342,3342,,,,,,,,,,,,
3343,3343,,,,,,,,,,,,
3344,3344,,,,,,,,,,,,
3345,3345,,,,,,,,,,,,
3346,3346,,,,,,,,,,,,
3347,3347,,,,,,,,,,,,
3348,3348,,,,,,,,,,,,
3349,3349,,,,,,,,,,,,
3350,3350,,,,,,,,,,,,
3351,3351,,,,,,,,,,,,
3352,3352,,,,,,,,,,,,
3353,3353,,,,,,,,,,,,
3354,3354,,,,,,,,,,,,
3355,3355,,,,,,,,,,,,
3356,3356,,,,,,,,,,,,
3357,3357,,,,,,,,,,,,
3358,3358,,,,,,,,,,,,
3359,3359,,,,,,,,,,,,
3360,3360,,,,,,,,,,,,
3361,3361,,,,,,,,,,,,
3362,3362,,,,,,,,,,,,
3363,3363,,,,,,,,,,,,
3364,3364,,,,,,,,,,,,
3365,3365,,,,,,,,,,,,
3366,3366,,,,,,,,,,,,
3367,3367,,,,,,,,,,,,
3368,3368,,,,,,,,,,,,
3369,3369,,,,,,,,,,,,
3370,3370,,,,,,,,,,,,
3371,3371,,,,,,,,,,,,
3372,3372,,,,,,,,,,,,
3373,3373,,,,,,,,,,,,
3374,3374,,,,,,,,,,,,
3375,3375,,,,,,,,,,,,
3376,3376,,,,,,,,,,,,
3377,3377,,,,,,,,,,,,
3378,3378,,,,,,,,,,,,
3379,3379,,,,,,,,,,,,
3380,3380,,,,,,,,,,,,
3381,3381,,,,,,,,,,,,
3382,3382,,,,,,,,,,,,
3383,3383,,,,,,,,,,,,
3384,3384,,,,,,,,,,,,
3385,3385,,,,,,,,,,,,
3386,3386,,,,,,,,,,,,
3387,3387,,,,,,,,,,,,
3388,3388,,,,,,,,,,,,
3389,3389,,,,,,,,,,,,
3390,3390,,,,,,,,,,,,
3391,3391,,,,,,,,,,,,
3392,3392,,,,,,,,,,,,
3393,3393,,,,,,,,,,,,
3394,3394,,,,,,,,,,,,
3395,3395,,,,,,,,,,,,
3396,3396,,,,,,,,,,,,
3397,3397,,,,,,,,,,,,
3398,3398,,,,,,,,,,,,
3399,3399,,,,,,,,,,,,
3400,3400,,,,,,,,,,,,
3401,3401,,,,,,,,,,,,
3402,3402,,,,,,,,,,,,
3403,3403,,,,,,,,,,,,
3404,3404,,,,,,,,,,,,
3405,3405,,,,,,,,,,,,
3406,3406,,,,,,,,,,,,
3407,3407,,,,,,,,,,,,
3408,3408,,,,,,,,,,,,
3409,3409,,,,,,,,,,,,
3410,3410,,,,,,,,,,,,
3411,3411,,,,,,,,,,,,
3412,3412,,,,,,,,,,,,
3413,3413,,,,,,,,,,,,
3414,3414,,,,,,,,,,,,
3415,3415,,,,,,,,,,,,
3416,3416,,,,,,,,,,,,
3417,3417,,,,,,,,,,,,
3418,3418,,,,,,,,,,,,
3419,3419,,,,,,,,,,,,
3420,3420,,,,,,,,,,,,
3421,3421,,,,,,,,,,,,
3422,3422,,,,,,,,,,,,
3423,3423,,,,,,,,,,,,
3424,3424,,,,,,,,,,,,
3425,3425,,,,,,,,,,,,
3426,3426,,,,,,,,,,,,
3427,3427,,,,,,,,,,,,
3428,3428,,,,,,,,,,,,
3429,3429,,,,,,,,,,,,
3430,3430,,,,,,,,,,,,
3431,3431,,,,,,,,,,,,
3432,3432,,,,,,,,,,,,
3433,3433,,,,,,,,,,,,
3434,3434,,,,,,,,,,,,
3435,3435,,,,,,,,,,,,
3436,3436,,,,,,,,,,,,
3437,3437,,,,,,,,,,,,
3438,3438,,,,,,,,,,,,
3439,3439,,,,,,,,,,,,
3440,3440,,,,,,,,,,,,
3441,3441,,,,,,,,,,,,
3442,3442,,,,,,,,,,,,
3443,3443,,,,,,,,,,,,
3444,3444,,,,,,,,,,,,
3445,3445,,,,,,,,,,,,
3446,3446,,,,,,,,,,,,
3447,3447,,,,,,,,,,,,
3448,3448,,,,,,,,,,,,
3449,3449,,,,,,,,,,,,
3450,3450,,,,,,,,,,,,
3451,3451,,,,,,,,,,,,
3452,3452,,,,,,,,,,,,
3453,3453,,,,,,,,,,,,
3454,3454,,,,,,,,,,,,
3455,3455,,,,,,,,,,,,
3456,3456,,,,,,,,,,,,
3457,3457,,,,,,,,,,,,
3458,3458,,,,,,,,,,,,
3459,3459,,,,,,,,,,,,
3460,3460,,,,,,,,,,,,
3461,3461,,,,,,,,,,,,
3462,3462,,,,,,,,,,,,
3463,3463,,,,,,,,,,,,
3464,3464,,,,,,,,,,,,
3465,3465,,,,,,,,,,,,
3466,3466,,,,,,,,,,,,
3467,3467,,,,,,,,,,,,
3468,3468,,,,,,,,,,,,
3469,3469,,,,,,,,,,,,
3470,3470,,,,,,,,,,,,
3471,3471,,,,,,,,,,,,
3472,3472,,,,,,,,,,,,
3473,3473,,,,,,,,,,,,
3474,3474,,,,,,,,,,,,
3475,3475,,,,,,,,,,,,
3476,3476,,,,,,,,,,,,
3477,3477,,,,,,,,,,,,
3478,3478,,,,,,,,,,,,
3479,3479,,,,,,,,,,,,
3480,3480,,,,,,,,,,,,
3481,3481,,,,,,,,,,,,
3482,3482,,,,,,,,,,,,
3483,3483,,,,,,,,,,,,
3484,3484,,,,,,,,,,,,
3485,3485,,,,,,,,,,,,
3486,3486,,,,,,,,,,,,
3487,3487,,,,,,,,,,,,
3488,3488,,,,,,,,,,,,
3489,3489,,,,,,,,,,,,
3490,3490,,,,,,,,,,,,
3491,3491,,,,,,,,,,,,
3492,3492,,,,,,,,,,,,
3493,3493,,,,,,,,,,,,
3494,3494,,,,,,,,,,,,
3495,3495,,,,,,,,,,,,
3496,3496,,,,,,,,,,,,
3497,3497,,,,,,,,,,,,
3498,3498,,,,,,,,,,,,
3499,3499,,,,,,,,,,,,
3500,3500,,,,,,,,,,,,
3501,3501,,,,,,,,,,,,
3502,3502,,,,,,,,,,,,
3503,3503,,,,,,,,,,,,
3504,3504,,,,,,,,,,,,
3505,3505,,,,,,,,,,,,
3506,3506,,,,,,,,,,,,
3507,3507,,,,,,,,,,,,
3508,3508,,,,,,,,,,,,
3509,3509,,,,,,,,,,,,
3510,3510,,,,,,,,,,,,
3511,3511,,,,,,,,,,,,
3512,3512,,,,,,,,,,,,
3513,3513,,,,,,,,,,,,
3514,3514,,,,,,,,,,,,
3515,3515,,,,,,,,,,,,
3516,3516,,,,,,,,,,,,
3517,3517,,,,,,,,,,,,
3518,3518,,,,,,,,,,,,
3519,3519,,,,,,,,,,,,
3520,3520,,,,,,,,,,,,
3521,3521,,,,,,,,,,,,
3522,3522,,,,,,,,,,,,
3523,3523,,,,,,,,,,,,
3524,3524,,,,,,,,,,,,
3525,3525,,,,,,,,,,,,
3526,3526,,,,,,,,,,,,
3527,3527,,,,,,,,,,,,
3528,3528,,,,,,,,,,,,
3529,3529,,,,,,,,,,,,
3530,3530,,,,,,,,,,,,
3531,3531,,,,,,,,,,,,
3532,3532,,,,,,,,,,,,
3533,3533,,,,,,,,,,,,
3534,3534,,,,,,,,,,,,
3535,3535,,,,,,,,,,,,
3536,3536,,,,,,,,,,,,
3537,3537,,,,,,,,,,,,
3538,3538,,,,,,,,,,,,
3539,3539,,,,,,,,,,,,
3540,3540,,,,,,,,,,,,
3541,3541,,,,,,,,,,,,
3542,3542,,,,,,,,,,,,
3543,3543,,,,,,,,,,,,
3544,3544,,,,,,,,,,,,
3545,3545,,,,,,,,,,,,
3546,3546,,,,,,,,,,,,
3547,3547,,,,,,,,,,,,
3548,3548,,,,,,,,,,,,
3549,3549,,,,,,,,,,,,
3550,3550,,,,,,,,,,,,
3551,3551,,,,,,,,,,,,
3552,3552,,,,,,,,,,,,
3553,3553,,,,,,,,,,,,
3554,3554,,,,,,,,,,,,
3555,3555,,,,,,,,,,,,
3556,3556,,,,,,,,,,,,
3557,3557,,,,,,,,,,,,
3558,3558,,,,,,,,,,,,
3559,3559,,,,,,,,,,,,
3560,3560,,,,,,,,,,,,
3561,3561,,,,,,,,,,,,
3562,3562,,,,,,,,,,,,
3563,3563,,,,,,,,,,,,
3564,3564,,,,,,,,,,,,
3565,3565,,,,,,,,,,,,
3566,3566,,,,,,,,,,,,
3567,3567,,,,,,,,,,,,
3568,3568,,,,,,,,,,,,
3569,3569,,,,,,,,,,,,
3570,3570,,,,,,,,,,,,
3571,3571,,,,,,,,,,,,
3572,3572,,,,,,,,,,,,
3573,3573,,,,,,,,,,,,
3574,3574,,,,,,,,,,,,
3575,3575,,,,,,,,,,,,
3576,3576,,,,,,,,,,,,
3577,3577,,,,,,,,,,,,
3578,3578,,,,,,,,,,,,
3579,3579,,,,,,,,,,,,
3580,3580,,,,,,,,,,,,
3581,3581,,,,,,,,,,,,
3582,3582,,,,,,,,,,,,
3583,3583,,,,,,,,,,,,
3584,3584,,,,,,,,,,,,
3585,3585,,,,,,,,,,,,
3586,3586,,,,,,,,,,,,
3587,3587,,,,,,,,,,,,
3588,3588,,,,,,,,,,,,
3589,3589,,,,,,,,,,,,
3590,3590,,,,,,,,,,,,
3591,3591,,,,,,,,,,,,
3592,3592,,,,,,,,,,,,
3593,3593,,,,,,,,,,,,
3594,3594,,,,,,,,,,,,
3595,3595,,,,,,,,,,,,
3596,3596,,,,,,,,,,,,
3597,3597,,,,,,,,,,,,
3598,3598,,,,,,,,,,,,
3599,3599,,,,,,,,,,,,
3600,3600,,,,,,,,,,,,
3601,3601,,,,,,,,,,,,
3602,3602,,,,,,,,,,,,
3603,3603,,,,,,,,,,,,
3604,3604,,,,,,,,,,,,
3605,3605,,,,,,,,,,,,
3606,3606,,,,,,,,,,,,
3607,3607,,,,,,,,,,,,
3608,3608,,,,,,,,,,,,
3609,3609,,,,,,,,,,,,
3610,3610,,,,,,,,,,,,
3611,3611,,,,,,,,,,,,
3612,3612,,,,,,,,,,,,
3613,3613,,,,,,,,,,,,
3614,3614,,,,,,,,,,,,
3615,3615,,,,,,,,,,,,
3616,3616,,,,,,,,,,,,
3617,3617,,,,,,,,,,,,
3618,3618,,,,,,,,,,,,
3619,3619,,,,,,,,,,,,
3620,3620,,,,,,,,,,,,
3621,3621,,,,,,,,,,,,
3622,3622,,,,,,,,,,,,
3623,3623,,,,,,,,,,,,
3624,3624,,,,,,,,,,,,
3625,3625,,,,,,,,,,,,
3626,3626,,,,,,,,,,,,
3627,3627,,,,,,,,,,,,
3628,3628,,,,,,,,,,,,
3629,3629,,,,,,,,,,,,
3630,3630,,,,,,,,,,,,
3631,3631,,,,,,,,,,,,
3632,3632,,,,,,,,,,,,
3633,3633,,,,,,,,,,,,
3634,3634,,,,,,,,,,,,
3635,3635,,,,,,,,,,,,
3636,3636,,,,,,,,,,,,
3637,3637,,,,,,,,,,,,
3638,3638,,,,,,,,,,,,
3639,3639,,,,,,,,,,,,
3640,3640,,,,,,,,,,,,
3641,3641,,,,,,,,,,,,
3642,3642,,,,,,,,,,,,
3643,3643,,,,,,,,,,,,
3644,3644,,,,,,,,,,,,
3645,3645,,,,,,,,,,,,
3646,3646,,,,,,,,,,,,
3647,3647,,,,,,,,,,,,
3648,3648,,,,,,,,,,,,
3649,3649,,,,,,,,,,,,
3650,3650,,,,,,,,,,,,
3651,3651,,,,,,,,,,,,
3652,3652,,,,,,,,,,,,
3653,3653,,,,,,,,,,,,
3654,3654,,,,,,,,,,,,
3655,3655,,,,,,,,,,,,
3656,3656,,,,,,,,,,,,
3657,3657,,,,,,,,,,,,
3658,3658,,,,,,,,,,,,
3659,3659,,,,,,,,,,,,
3660,3660,,,,,,,,,,,,
3661,3661,,,,,,,,,,,,
3662,3662,,,,,,,,,,,,
3663,3663,,,,,,,,,,,,
3664,3664,,,,,,,,,,,,
3665,3665,,,,,,,,,,,,
3666,3666,,,,,,,,,,,,
3667,3667,,,,,,,,,,,,
3668,3668,,,,,,,,,,,,
3669,3669,,,,,,,,,,,,
3670,3670,,,,,,,,,,,,
3671,3671,,,,,,,,,,,,
3672,3672,,,,,,,,,,,,
3673,3673,,,,,,,,,,,,
3674,3674,,,,,,,,,,,,
3675,3675,,,,,,,,,,,,
3676,3676,,,,,,,,,,,,
3677,3677,,,,,,,,,,,,
3678,3678,,,,,,,,,,,,
3679,3679,,,,,,,,,,,,
3680,3680,,,,,,,,,,,,
3681,3681,,,,,,,,,,,,
3682,3682,,,,,,,,,,,,
3683,3683,,,,,,,,,,,,
3684,3684,,,,,,,,,,,,
3685,3685,,,,,,,,,,,,
3686,3686,,,,,,,,,,,,
3687,3687,,,,,,,,,,,,
3688,3688,,,,,,,,,,,,
3689,3689,,,,,,,,,,,,
3690,3690,,,,,,,,,,,,
3691,3691,,,,,,,,,,,,
3692,3692,,,,,,,,,,,,
3693,3693,,,,,,,,,,,,
3694,3694,,,,,,,,,,,,
3695,3695,,,,,,,,,,,,
3696,3696,,,,,,,,,,,,
3697,3697,,,,,,,,,,,,
3698,3698,,,,,,,,,,,,
3699,3699,,,,,,,,,,,,
3700,3700,,,,,,,,,,,,
3701,3701,,,,,,,,,,,,
3702,3702,,,,,,,,,,,,
3703,3703,,,,,,,,,,,,
3704,3704,,,,,,,,,,,,
3705,3705,,,,,,,,,,,,
3706,3706,,,,,,,,,,,,
3707,3707,,,,,,,,,,,,
3708,3708,,,,,,,,,,,,
3709,3709,,,,,,,,,,,,
3710,3710,,,,,,,,,,,,
3711,3711,,,,,,,,,,,,
3712,3712,,,,,,,,,,,,
3713,3713,,,,,,,,,,,,
3714,3714,,,,,,,,,,,,
3715,3715,,,,,,,,,,,,
3716,3716,,,,,,,,,,,,
3717,3717,,,,,,,,,,,,
3718,3718,,,,,,,,,,,,
3719,3719,,,,,,,,,,,,
3720,3720,,,,,,,,,,,,
3721,3721,,,,,,,,,,,,
3722,3722,,,,,,,,,,,,
3723,3723,,,,,,,,,,,,
3724,3724,,,,,,,,,,,,
3725,3725,,,,,,,,,,,,
3726,3726,,,,,,,,,,,,
3727,3727,,,,,,,,,,,,
3728,3728,,,,,,,,,,,,
3729,3729,,,,,,,,,,,,
3730,3730,,,,,,,,,,,,
3731,3731,,,,,,,,,,,,
3732,3732,,,,,,,,,,,,
3733,3733,,,,,,,,,,,,
3734,3734,,,,,,,,,,,,
3735,3735,,,,,,,,,,,,
3736,3736,,,,,,,,,,,,
3737,3737,,,,,,,,,,,,
3738,3738,,,,,,,,,,,,
3739,3739,,,,,,,,,,,,
3740,3740,,,,,,,,,,,,
3741,3741,,,,,,,,,,,,
3742,3742,,,,,,,,,,,,
3743,3743,,,,,,,,,,,,
3744,3744,,,,,,,,,,,,
3745,3745,,,,,,,,,,,,
3746,3746,,,,,,,,,,,,
3747,3747,,,,,,,,,,,,
3748,3748,,,,,,,,,,,,
3749,3749,,,,,,,,,,,,
3750,3750,,,,,,,,,,,,
3751,3751,,,,,,,,,,,,
3752,3752,,,,,,,,,,,,
3753,3753,,,,,,,,,,,,
3754,3754,,,,,,,,,,,,
3755,3755,,,,,,,,,,,,
3756,3756,,,,,,,,,,,,
3757,3757,,,,,,,,,,,,
3758,3758,,,,,,,,,,,,
3759,3759,,,,,,,,,,,,
3760,3760,,,,,,,,,,,,
3761,3761,,,,,,,,,,,,
3762,3762,,,,,,,,,,,,
3763,3763,,,,,,,,,,,,
3764,3764,,,,,,,,,,,,
3765,3765,,,,,,,,,,,,
3766,3766,,,,,,,,,,,,
3767,3767,,,,,,,,,,,,
3768,3768,,,,,,,,,,,,
3769,3769,,,,,,,,,,,,
3770,3770,,,,,,,,,,,,
3771,3771,,,,,,,,,,,,
3772,3772,,,,,,,,,,,,
3773,3773,,,,,,,,,,,,
3774,3774,,,,,,,,,,,,
3775,3775,,,,,,,,,,,,
3776,3776,,,,,,,,,,,,
3777,3777,,,,,,,,,,,,
3778,3778,,,,,,,,,,,,
3779,3779,,,,,,,,,,,,
3780,3780,,,,,,,,,,,,
3781,3781,,,,,,,,,,,,
3782,3782,,,,,,,,,,,,
3783,3783,,,,,,,,,,,,
3784,3784,,,,,,,,,,,,
3785,3785,,,,,,,,,,,,
3786,3786,,,,,,,,,,,,
3787,3787,,,,,,,,,,,,
3788,3788,,,,,,,,,,,,
3789,3789,,,,,,,,,,,,
3790,3790,,,,,,,,,,,,
3791,3791,,,,,,,,,,,,
3792,3792,,,,,,,,,,,,
3793,3793,,,,,,,,,,,,
3794,3794,,,,,,,,,,,,
3795,3795,,,,,,,,,,,,
3796,3796,,,,,,,,,,,,
3797,3797,,,,,,,,,,,,
3798,3798,,,,,,,,,,,,
3799,3799,,,,,,,,,,,,
3800,3800,,,,,,,,,,,,
3801,3801,,,,,,,,,,,,
3802,3802,,,,,,,,,,,,
3803,3803,,,,,,,,,,,,
3804,3804,,,,,,,,,,,,
3805,3805,,,,,,,,,,,,
3806,3806,,,,,,,,,,,,
3807,3807,,,,,,,,,,,,
3808,3808,,,,,,,,,,,,
3809,3809,,,,,,,,,,,,
3810,3810,,,,,,,,,,,,
3811,3811,,,,,,,,,,,,
3812,3812,,,,,,,,,,,,
3813,3813,,,,,,,,,,,,
3814,3814,,,,,,,,,,,,
3815,3815,,,,,,,,,,,,
3816,3816,,,,,,,,,,,,
3817,3817,,,,,,,,,,,,
3818,3818,,,,,,,,,,,,
3819,3819,,,,,,,,,,,,
3820,3820,,,,,,,,,,,,
3821,3821,,,,,,,,,,,,
3822,3822,,,,,,,,,,,,
3823,3823,,,,,,,,,,,,
3824,3824,,,,,,,,,,,,
3825,3825,,,,,,,,,,,,
3826,3826,,,,,,,,,,,,
3827,3827,,,,,,,,,,,,
3828,3828,,,,,,,,,,,,
3829,3829,,,,,,,,,,,,
3830,3830,,,,,,,,,,,,
3831,3831,,,,,,,,,,,,
3832,3832,,,,,,,,,,,,
3833,3833,,,,,,,,,,,,
3834,3834,,,,,,,,,,,,
3835,3835,,,,,,,,,,,,
3836,3836,,,,,,,,,,,,
3837,3837,,,,,,,,,,,,
3838,3838,,,,,,,,,,,,
3839,3839,,,,,,,,,,,,
3840,3840,,,,,,,,,,,,
3841,3841,,,,,,,,,,,,
3842,3842,,,,,,,,,,,,
3843,3843,,,,,,,,,,,,
3844,3844,,,,,,,,,,,,
3845,3845,,,,,,,,,,,,
3846,3846,,,,,,,,,,,,
3847,3847,,,,,,,,,,,,
3848,3848,,,,,,,,,,,,
3849,3849,,,,,,,,,,,,
3850,3850,,,,,,,,,,,,
3851,3851,,,,,,,,,,,,
3852,3852,,,,,,,,,,,,
3853,3853,,,,,,,,,,,,
3854,3854,,,,,,,,,,,,
3855,3855,,,,,,,,,,,,
3856,3856,,,,,,,,,,,,
3857,3857,,,,,,,,,,,,
3858,3858,,,,,,,,,,,,
3859,3859,,,,,,,,,,,,
3860,3860,,,,,,,,,,,,
3861,3861,,,,,,,,,,,,
3862,3862,,,,,,,,,,,,
3863,3863,,,,,,,,,,,,
3864,3864,,,,,,,,,,,,
3865,3865,,,,,,,,,,,,
3866,3866,,,,,,,,,,,,
3867,3867,,,,,,,,,,,,
3868,3868,,,,,,,,,,,,
3869,3869,,,,,,,,,,,,
3870,3870,,,,,,,,,,,,
3871,3871,,,,,,,,,,,,
3872,3872,,,,,,,,,,,,
3873,3873,,,,,,,,,,,,
3874,3874,,,,,,,,,,,,
3875,3875,,,,,,,,,,,,
3876,3876,,,,,,,,,,,,
3877,3877,,,,,,,,,,,,
3878,3878,,,,,,,,,,,,
3879,3879,,,,,,,,,,,,
3880,3880,,,,,,,,,,,,
3881,3881,,,,,,,,,,,,
3882,3882,,,,,,,,,,,,
3883,3883,,,,,,,,,,,,
3884,3884,,,,,,,,,,,,
3885,3885,,,,,,,,,,,,
3886,3886,,,,,,,,,,,,
3887,3887,,,,,,,,,,,,
3888,3888,,,,,,,,,,,,
3889,3889,,,,,,,,,,,,
3890,3890,,,,,,,,,,,,
3891,3891,,,,,,,,,,,,
3892,3892,,,,,,,,,,,,
3893,3893,,,,,,,,,,,,
3894,3894,,,,,,,,,,,,
3895,3895,,,,,,,,,,,,
3896,3896,,,,,,,,,,,,
3897,3897,,,,,,,,,,,,
3898,3898,,,,,,,,,,,,
3899,3899,,,,,,,,,,,,
3900,3900,,,,,,,,,,,,
3901,3901,,,,,,,,,,,,
3902,3902,,,,,,,,,,,,
3903,3903,,,,,,,,,,,,
3904,3904,,,,,,,,,,,,
3905,3905,,,,,,,,,,,,
3906,3906,,,,,,,,,,,,
3907,3907,,,,,,,,,,,,
3908,3908,,,,,,,,,,,,
3909,3909,,,,,,,,,,,,
3910,3910,,,,,,,,,,,,
3911,3911,,,,,,,,,,,,
3912,3912,,,,,,,,,,,,
3913,3913,,,,,,,,,,,,
3914,3914,,,,,,,,,,,,
3915,3915,,,,,,,,,,,,
3916,3916,,,,,,,,,,,,
3917,3917,,,,,,,,,,,,
3918,3918,,,,,,,,,,,,
3919,3919,,,,,,,,,,,,
3920,3920,,,,,,,,,,,,
3921,3921,,,,,,,,,,,,
3922,3922,,,,,,,,,,,,
3923,3923,,,,,,,,,,,,
3924,3924,,,,,,,,,,,,
3925,3925,,,,,,,,,,,,
3926,3926,,,,,,,,,,,,
3927,3927,,,,,,,,,,,,
3928,3928,,,,,,,,,,,,
3929,3929,,,,,,,,,,,,
3930,3930,,,,,,,,,,,,
3931,3931,,,,,,,,,,,,
3932,3932,,,,,,,,,,,,
3933,3933,,,,,,,,,,,,
3934,3934,,,,,,,,,,,,
3935,3935,,,,,,,,,,,,
3936,3936,,,,,,,,,,,,
3937,3937,,,,,,,,,,,,
3938,3938,,,,,,,,,,,,
3939,3939,,,,,,,,,,,,
3940,3940,,,,,,,,,,,,
3941,3941,,,,,,,,,,,,
3942,3942,,,,,,,,,,,,
3943,3943,,,,,,,,,,,,
3944,3944,,,,,,,,,,,,
3945,3945,,,,,,,,,,,,
3946,3946,,,,,,,,,,,,
3947,3947,,,,,,,,,,,,
3948,3948,,,,,,,,,,,,
3949,3949,,,,,,,,,,,,
3950,3950,,,,,,,,,,,,
3951,3951,,,,,,,,,,,,
3952,3952,,,,,,,,,,,,
3953,3953,,,,,,,,,,,,
3954,3954,,,,,,,,,,,,
3955,3955,,,,,,,,,,,,
3956,3956,,,,,,,,,,,,
3957,3957,,,,,,,,,,,,
3958,3958,,,,,,,,,,,,
3959,3959,,,,,,,,,,,,
3960,3960,,,,,,,,,,,,
3961,3961,,,,,,,,,,,,
3962,3962,,,,,,,,,,,,
3963,3963,,,,,,,,,,,,
3964,3964,,,,,,,,,,,,
3965,3965,,,,,,,,,,,,
3966,3966,,,,,,,,,,,,
3967,3967,,,,,,,,,,,,
3968,3968,,,,,,,,,,,,
3969,3969,,,,,,,,,,,,
3970,3970,,,,,,,,,,,,
3971,3971,,,,,,,,,,,,
3972,3972,,,,,,,,,,,,
3973,3973,,,,,,,,,,,,
3974,3974,,,,,,,,,,,,
3975,3975,,,,,,,,,,,,
3976,3976,,,,,,,,,,,,
3977,3977,,,,,,,,,,,,
3978,3978,,,,,,,,,,,,
3979,3979,,,,,,,,,,,,
3980,3980,,,,,,,,,,,,
3981,3981,,,,,,,,,,,,
3982,3982,,,,,,,,,,,,
3983,3983,,,,,,,,,,,,
3984,3984,,,,,,,,,,,,
3985,3985,,,,,,,,,,,,
3986,3986,,,,,,,,,,,,
3987,3987,,,,,,,,,,,,
3988,3988,,,,,,,,,,,,
3989,3989,,,,,,,,,,,,
3990,3990,,,,,,,,,,,,
3991,3991,,,,,,,,,,,,
3992,3992,,,,,,,,,,,,
3993,3993,,,,,,,,,,,,
3994,3994,,,,,,,,,,,,
3995,3995,,,,,,,,,,,,
3996,3996,,,,,,,,,,,,
3997,3997,,,,,,,,,,,,
3998,3998,,,,,,,,,,,,
3999,3999,,,,,,,,,,,,
2622,2622,,,,,,,,,,,,
2623,2623,,,,,,,,,,,,
2624,2624,,,,,,,,,,,,
2625,2625,,,,,,,,,,,,
2626,2626,,,,,,,,,,,,
2627,2627,,,,,,,,,,,,
2628,2628,,,,,,,,,,,,
2629,2629,,,,,,,,,,,,
2630,2630,,,,,,,,,,,,
2631,2631,,,,,,,,,,,,
2632,2632,,,,,,,,,,,,
2633,2633,,,,,,,,,,,,
2634,2634,,,,,,,,,,,,
2635,2635,,,,,,,,,,,,
2636,2636,,,,,,,,,,,,
2637,2637,,,,,,,,,,,,
2638,2638,,,,,,,,,,,,
2639,2639,,,,,,,,,,,,
2640,2640,,,,,,,,,,,,
2641,2641,,,,,,,,,,,,
2642,2642,,,,,,,,,,,,
2643,2643,,,,,,,,,,,,
2644,2644,,,,,,,,,,,,
2645,2645,,,,,,,,,,,,
2646,2646,,,,,,,,,,,,
2647,2647,,,,,,,,,,,,
2648,2648,,,,,,,,,,,,
2649,2649,,,,,,,,,,,,
2650,2650,,,,,,,,,,,,
2651,2651,,,,,,,,,,,,
2652,2652,,,,,,,,,,,,
2653,2653,,,,,,,,,,,,
2654,2654,,,,,,,,,,,,
2655,2655,,,,,,,,,,,,
2656,2656,,,,,,,,,,,,
2657,2657,,,,,,,,,,,,
2658,2658,,,,,,,,,,,,
2659,2659,,,,,,,,,,,,
2660,2660,,,,,,,,,,,,
2661,2661,,,,,,,,,,,,
2662,2662,,,,,,,,,,,,
2663,2663,,,,,,,,,,,,
2664,2664,,,,,,,,,,,,
2665,2665,,,,,,,,,,,,
2666,2666,,,,,,,,,,,,
2667,2667,,,,,,,,,,,,
2668,2668,,,,,,,,,,,,
2669,2669,,,,,,,,,,,,
2670,2670,,,,,,,,,,,,
2671,2671,,,,,,,,,,,,
2672,2672,,,,,,,,,,,,
2673,2673,,,,,,,,,,,,
2674,2674,,,,,,,,,,,,
2675,2675,,,,,,,,,,,,
2676,2676,,,,,,,,,,,,
2677,2677,,,,,,,,,,,,
2678,2678,,,,,,,,,,,,
2679,2679,,,,,,,,,,,,
2680,2680,,,,,,,,,,,,
2681,2681,,,,,,,,,,,,
2682,2682,,,,,,,,,,,,
2683,2683,,,,,,,,,,,,
2684,2684,,,,,,,,,,,,
2685,2685,,,,,,,,,,,,
2686,2686,,,,,,,,,,,,
2687,2687,,,,,,,,,,,,
2688,2688,,,,,,,,,,,,
2689,2689,,,,,,,,,,,,
2690,2690,,,,,,,,,,,,
2691,2691,,,,,,,,,,,,
2692,2692,,,,,,,,,,,,
2693,2693,,,,,,,,,,,,
2694,2694,,,,,,,,,,,,
2695,2695,,,,,,,,,,,,
2696,2696,,,,,,,,,,,,
2697,2697,,,,,,,,,,,,
2698,2698,,,,,,,,,,,,
2699,2699,,,,,,,,,,,,
2700,2700,,,,,,,,,,,,
2701,2701,,,,,,,,,,,,
2702,2702,,,,,,,,,,,,
2703,2703,,,,,,,,,,,,
2704,2704,,,,,,,,,,,,
2705,2705,,,,,,,,,,,,
2706,2706,,,,,,,,,,,,
2707,2707,,,,,,,,,,,,
2708,2708,,,,,,,,,,,,
2709,2709,,,,,,,,,,,,
2710,2710,,,,,,,,,,,,
2711,2711,,,,,,,,,,,,
2712,2712,,,,,,,,,,,,
2713,2713,,,,,,,,,,,,
2714,2714,,,,,,,,,,,,
2715,2715,,,,,,,,,,,,
2716,2716,,,,,,,,,,,,
2717,2717,,,,,,,,,,,,
2718,2718,,,,,,,,,,,,
2719,2719,,,,,,,,,,,,
2720,2720,,,,,,,,,,,,
2721,2721,,,,,,,,,,,,
2722,2722,,,,,,,,,,,,
2723,2723,,,,,,,,,,,,
2724,2724,,,,,,,,,,,,
2725,2725,,,,,,,,,,,,
2726,2726,,,,,,,,,,,,
2727,2727,,,,,,,,,,,,
2728,2728,,,,,,,,,,,,
2729,2729,,,,,,,,,,,,
2730,2730,,,,,,,,,,,,
2731,2731,,,,,,,,,,,,
2732,2732,,,,,,,,,,,,
2733,2733,,,,,,,,,,,,
2734,2734,,,,,,,,,,,,
2735,2735,,,,,,,,,,,,
2736,2736,,,,,,,,,,,,
2737,2737,,,,,,,,,,,,
2738,2738,,,,,,,,,,,,
2739,2739,,,,,,,,,,,,
2740,2740,,,,,,,,,,,,
2741,2741,,,,,,,,,,,,
2742,2742,,,,,,,,,,,,
2743,2743,,,,,,,,,,,,
2744,2744,,,,,,,,,,,,
2745,2745,,,,,,,,,,,,
2746,2746,,,,,,,,,,,,
2747,2747,,,,,,,,,,,,
2748,2748,,,,,,,,,,,,
2749,2749,,,,,,,,,,,,
2750,2750,,,,,,,,,,,,
2751,2751,,,,,,,,,,,,
2752,2752,,,,,,,,,,,,
2753,2753,,,,,,,,,,,,
2754,2754,,,,,,,,,,,,
2755,2755,,,,,,,,,,,,
2756,2756,,,,,,,,,,,,
2757,2757,,,,,,,,,,,,
2758,2758,,,,,,,,,,,,
2759,2759,,,,,,,,,,,,
2760,2760,,,,,,,,,,,,
2761,2761,,,,,,,,,,,,
2762,2762,,,,,,,,,,,,
2763,2763,,,,,,,,,,,,
2764,2764,,,,,,,,,,,,
2765,2765,,,,,,,,,,,,
2766,2766,,,,,,,,,,,,
2767,2767,,,,,,,,,,,,
2768,2768,,,,,,,,,,,,
2769,2769,,,,,,,,,,,,
2770,2770,,,,,,,,,,,,
2771,2771,,,,,,,,,,,,
2772,2772,,,,,,,,,,,,
2773,2773,,,,,,,,,,,,
2774,2774,,,,,,,,,,,,
2775,2775,,,,,,,,,,,,
2776,2776,,,,,,,,,,,,
2777,2777,,,,,,,,,,,,
2778,2778,,,,,,,,,,,,
2779,2779,,,,,,,,,,,,
2780,2780,,,,,,,,,,,,
2781,2781,,,,,,,,,,,,
2782,2782,,,,,,,,,,,,
2783,2783,,,,,,,,,,,,
2784,2784,,,,,,,,,,,,
2785,2785,,,,,,,,,,,,
2786,2786,,,,,,,,,,,,
2787,2787,,,,,,,,,,,,
2788,2788,,,,,,,,,,,,
2789,2789,,,,,,,,,,,,
2790,2790,,,,,,,,,,,,
2791,2791,,,,,,,,,,,,
2792,2792,,,,,,,,,,,,
2793,2793,,,,,,,,,,,,
2794,2794,,,,,,,,,,,,
2795,2795,,,,,,,,,,,,
2796,2796,,,,,,,,,,,,
2797,2797,,,,,,,,,,,,
2798,2798,,,,,,,,,,,,
2799,2799,,,,,,,,,,,,
2800,2800,,,,,,,,,,,,
2801,2801,,,,,,,,,,,,
2802,2802,,,,,,,,,,,,
2803,2803,,,,,,,,,,,,
2804,2804,,,,,,,,,,,,
2805,2805,,,,,,,,,,,,
2806,2806,,,,,,,,,,,,
2807,2807,,,,,,,,,,,,
2808,2808,,,,,,,,,,,,
2809,2809,,,,,,,,,,,,
2810,2810,,,,,,,,,,,,
2811,2811,,,,,,,,,,,,
2812,2812,,,,,,,,,,,,
2813,2813,,,,,,,,,,,,
2814,2814,,,,,,,,,,,,
2815,2815,,,,,,,,,,,,
2816,2816,,,,,,,,,,,,
2817,2817,,,,,,,,,,,,
2818,2818,,,,,,,,,,,,
2819,2819,,,,,,,,,,,,
2820,2820,,,,,,,,,,,,
2821,2821,,,,,,,,,,,,
2822,2822,,,,,,,,,,,,
2823,2823,,,,,,,,,,,,
2824,2824,,,,,,,,,,,,
2825,2825,,,,,,,,,,,,
2826,2826,,,,,,,,,,,,
2827,2827,,,,,,,,,,,,
2828,2828,,,,,,,,,,,,
2829,2829,,,,,,,,,,,,
2830,2830,,,,,,,,,,,,
2831,2831,,,,,,,,,,,,
2832,2832,,,,,,,,,,,,
2833,2833,,,,,,,,,,,,
2834,2834,,,,,,,,,,,,
2835,2835,,,,,,,,,,,,
2836,2836,,,,,,,,,,,,
2837,2837,,,,,,,,,,,,
2838,2838,,,,,,,,,,,,
2839,2839,,,,,,,,,,,,
2840,2840,,,,,,,,,,,,
2841,2841,,,,,,,,,,,,
2842,2842,,,,,,,,,,,,
2843,2843,,,,,,,,,,,,
2844,2844,,,,,,,,,,,,
2845,2845,,,,,,,,,,,,
2846,2846,,,,,,,,,,,,
2847,2847,,,,,,,,,,,,
2848,2848,,,,,,,,,,,,
2849,2849,,,,,,,,,,,,
2850,2850,,,,,,,,,,,,
2851,2851,,,,,,,,,,,,
2852,2852,,,,,,,,,,,,
2853,2853,,,,,,,,,,,,
2854,2854,,,,,,,,,,,,
2855,2855,,,,,,,,,,,,
2856,2856,,,,,,,,,,,,
2857,2857,,,,,,,,,,,,
2858,2858,,,,,,,,,,,,
2859,2859,,,,,,,,,,,,
2860,2860,,,,,,,,,,,,
2861,2861,,,,,,,,,,,,
2862,2862,,,,,,,,,,,,
2863,2863,,,,,,,,,,,,
2864,2864,,,,,,,,,,,,
2865,2865,,,,,,,,,,,,
2866,2866,,,,,,,,,,,,
2867,2867,,,,,,,,,,,,
2868,2868,,,,,,,,,,,,
2869,2869,,,,,,,,,,,,
2870,2870,,,,,,,,,,,,
2871,2871,,,,,,,,,,,,
2872,2872,,,,,,,,,,,,
2873,2873,,,,,,,,,,,,
2874,2874,,,,,,,,,,,,
2875,2875,,,,,,,,,,,,
2876,2876,,,,,,,,,,,,
2877,2877,,,,,,,,,,,,
2878,2878,,,,,,,,,,,,
2879,2879,,,,,,,,,,,,
2880,2880,,,,,,,,,,,,
2881,2881,,,,,,,,,,,,
2882,2882,,,,,,,,,,,,
2883,2883,,,,,,,,,,,,
2884,2884,,,,,,,,,,,,
2885,2885,,,,,,,,,,,,
2886,2886,,,,,,,,,,,,
2887,2887,,,,,,,,,,,,
2888,2888,,,,,,,,,,,,
2889,2889,,,,,,,,,,,,
2890,2890,,,,,,,,,,,,
2891,2891,,,,,,,,,,,,
2892,2892,,,,,,,,,,,,
2893,2893,,,,,,,,,,,,
2894,2894,,,,,,,,,,,,
2895,2895,,,,,,,,,,,,
2896,2896,,,,,,,,,,,,
2897,2897,,,,,,,,,,,,
2898,2898,,,,,,,,,,,,
2899,2899,,,,,,,,,,,,
2900,2900,,,,,,,,,,,,
2901,2901,,,,,,,,,,,,
2902,2902,,,,,,,,,,,,
2903,2903,,,,,,,,,,,,
2904,2904,,,,,,,,,,,,
2905,2905,,,,,,,,,,,,
2906,2906,,,,,,,,,,,,
2907,2907,,,,,,,,,,,,
2908,2908,,,,,,,,,,,,
2909,2909,,,,,,,,,,,,
2910,2910,,,,,,,,,,,,
2911,2911,,,,,,,,,,,,
2912,2912,,,,,,,,,,,,
2913,2913,,,,,,,,,,,,
2914,2914,,,,,,,,,,,,
2915,2915,,,,,,,,,,,,
2916,2916,,,,,,,,,,,,
2917,2917,,,,,,,,,,,,
2918,2918,,,,,,,,,,,,
2919,2919,,,,,,,,,,,,
2920,2920,,,,,,,,,,,,
2921,2921,,,,,,,,,,,,
2922,2922,,,,,,,,,,,,
2923,2923,,,,,,,,,,,,
2924,2924,,,,,,,,,,,,
2925,2925,,,,,,,,,,,,
2926,2926,,,,,,,,,,,,
2927,2927,,,,,,,,,,,,
2928,2928,,,,,,,,,,,,
2929,2929,,,,,,,,,,,,
2930,2930,,,,,,,,,,,,
2931,2931,,,,,,,,,,,,
2932,2932,,,,,,,,,,,,
2933,2933,,,,,,,,,,,,
2934,2934,,,,,,,,,,,,
2935,2935,,,,,,,,,,,,
2936,2936,,,,,,,,,,,,
2937,2937,,,,,,,,,,,,
2938,2938,,,,,,,,,,,,
2939,2939,,,,,,,,,,,,
2940,2940,,,,,,,,,,,,
2941,2941,,,,,,,,,,,,
2942,2942,,,,,,,,,,,,
2943,2943,,,,,,,,,,,,
2944,2944,,,,,,,,,,,,
2945,2945,,,,,,,,,,,,
2946,2946,,,,,,,,,,,,
2947,2947,,,,,,,,,,,,
2948,2948,,,,,,,,,,,,
2949,2949,,,,,,,,,,,,
2950,2950,,,,,,,,,,,,
2951,2951,,,,,,,,,,,,
2952,2952,,,,,,,,,,,,
2953,2953,,,,,,,,,,,,
2954,2954,,,,,,,,,,,,
2955,2955,,,,,,,,,,,,
2956,2956,,,,,,,,,,,,
2957,2957,,,,,,,,,,,,
2958,2958,,,,,,,,,,,,
2959,2959,,,,,,,,,,,,
2960,2960,,,,,,,,,,,,
2961,2961,,,,,,,,,,,,
2962,2962,,,,,,,,,,,,
2963,2963,,,,,,,,,,,,
2964,2964,,,,,,,,,,,,
2965,2965,,,,,,,,,,,,
2966,2966,,,,,,,,,,,,
2967,2967,,,,,,,,,,,,
2968,2968,,,,,,,,,,,,
2969,2969,,,,,,,,,,,,
2970,2970,,,,,,,,,,,,
2971,2971,,,,,,,,,,,,
2972,2972,,,,,,,,,,,,
2973,2973,,,,,,,,,,,,
2974,2974,,,,,,,,,,,,
2975,2975,,,,,,,,,,,,
2976,2976,,,,,,,,,,,,
2977,2977,,,,,,,,,,,,
2978,2978,,,,,,,,,,,,
2979,2979,,,,,,,,,,,,
2980,2980,,,,,,,,,,,,
2981,2981,,,,,,,,,,,,
2982,2982,,,,,,,,,,,,
2983,2983,,,,,,,,,,,,
2984,2984,,,,,,,,,,,,
2985,2985,,,,,,,,,,,,
2986,2986,,,,,,,,,,,,
2987,2987,,,,,,,,,,,,
2988,2988,,,,,,,,,,,,
2989,2989,,,,,,,,,,,,
2990,2990,,,,,,,,,,,,
2991,2991,,,,,,,,,,,,
2992,2992,,,,,,,,,,,,
2993,2993,,,,,,,,,,,,
2994,2994,,,,,,,,,,,,
2995,2995,,,,,,,,,,,,
2996,2996,,,,,,,,,,,,
2997,2997,,,,,,,,,,,,
2998,2998,,,,,,,,,,,,
2999,2999,,,,,,,,,,,,
